ds,y,yhat1,ar1,lagged_regressor_volume1,lagged_regressor_rsi1,lagged_regressor_volatility_20d1,lagged_regressor_vnindex_close1,lagged_regressor_vn30_close1,lagged_regressor_usd_vnd1,lagged_regressor_interest_rate1,trend
2024-07-24,3.629394807279044,,,,,,,,,,
2024-07-25,3.627269972482245,,,,,,,,,,
2024-07-26,3.6325736179028416,,,,,,,,,,
2024-07-29,3.6509179478268177,,,,,,,,,,
2024-07-30,3.644404964012107,,,,,,,,,,
2024-07-31,3.6615082573178044,,,,,,,,,,
2024-08-01,3.644404964012107,,,,,,,,,,
2024-08-02,3.664586761544892,,,,,,,,,,
2024-08-05,3.629394807279044,,,,,,,,,,
2024-08-06,3.643358938812127,,,,,,,,,,
2024-08-07,3.636005964506868,,,,,,,,,,
2024-08-08,3.627269972482245,,,,,,,,,,
2024-08-09,3.6423118182976015,,,,,,,,,,
2024-08-12,3.644404964012107,,,,,,,,,,
2024-08-13,3.641263600172273,,,,,,,,,,
2024-08-14,3.6498787167642037,,,,,,,,,,
2024-08-15,3.641263600172273,,,,,,,,,,
2024-08-16,3.659450643423124,,,,,,,,,,
2024-08-19,3.6676558176623097,,,,,,,,,,
2024-08-20,3.6936182084611096,,,,,,,,,,
2024-08-21,3.72255598047332,3.6788683,0.8721083,-0.051882725,0.0024739492,0.03801388,0.47252247,-0.38522124,0.050548375,-0.03001826,2.7103236
2024-08-22,3.716737782242333,3.7201853,0.8707526,-0.074765176,0.0035650642,0.05477959,0.6809246,-0.55511993,0.07284232,-0.043257568,2.710464
2024-08-23,3.720620339897999,3.6863575,0.885565,-0.048521202,0.0023136602,0.035550933,0.44190735,-0.3602625,0.047273308,-0.028073356,2.7106042
2024-08-26,3.714547200862514,3.729291,0.92850614,-0.04829075,0.002302671,0.03538208,0.4398085,-0.35855138,0.047048777,-0.02794002,2.711025
2024-08-27,3.702535780561422,3.6836615,0.89740336,-0.040399782,0.0019264026,0.029600458,0.36794144,-0.29996216,0.039360758,-0.02337447,2.7111654
2024-08-28,3.702535780561422,3.6850824,0.9219925,-0.027859885,0.0013284564,0.02041262,0.2537342,-0.20685537,0.027143368,-0.016119149,2.7113056
2024-08-29,3.6965995771290743,3.690601,0.9172655,-0.033296563,0.0015876963,0.024396012,0.30324882,-0.24722186,0.032440223,-0.019264696,2.7114458
2024-08-30,3.6883793290722537,3.7033105,0.9051971,-0.046551686,0.0022197468,0.034107894,0.42396998,-0.34563914,0.045354445,-0.026933836,2.7115862
2024-09-02,3.688712662433365,3.6970656,0.93757373,-0.025546793,0.0012181601,0.018717844,0.23266768,-0.18968101,0.024889765,-0.014780842,2.712007
2024-09-03,3.6890459957944763,3.6904912,0.9213563,-0.030659325,0.0014619436,0.022463739,0.27923015,-0.2276408,0.029870814,-0.017738847,2.7121472
2024-09-04,3.6893793291555874,3.6684363,0.9291845,-0.014506651,0.0006917278,0.010628859,0.13211949,-0.10770967,0.014133562,-0.008393246,2.7122877
2024-09-05,3.6843692986360503,3.7371454,0.91853184,-0.05712781,0.0027240533,0.041856896,0.52029216,-0.42416522,0.055658568,-0.033052962,2.712428
2024-09-06,3.6965995771290743,3.6572948,0.88320184,-0.03310018,0.001578332,0.024252124,0.30146027,-0.24576378,0.032248892,-0.019151073,2.7125683
2024-09-09,3.6913763343125234,3.7088914,0.89099556,-0.056439653,0.0026912396,0.041352693,0.5140248,-0.41905576,0.05498811,-0.032654807,2.712989
2024-09-10,3.680090948080857,3.6815352,0.8716358,-0.052062202,0.0024825074,0.038145382,0.47415704,-0.38655385,0.050723236,-0.030122103,2.7131293
2024-09-11,3.676047475298558,3.6781197,0.86646515,-0.05293094,0.0025239317,0.038781896,0.48206913,-0.39300412,0.051569633,-0.030624738,2.7132697
2024-09-12,3.677059877308594,3.661047,0.8754459,-0.038838834,0.0018519709,0.02845677,0.35372508,-0.28837237,0.037839953,-0.022471339,2.71341
2024-09-13,3.6740195912069122,3.630591,0.8692732,-0.02569878,0.0012254075,0.018829202,0.23405191,-0.1908095,0.025037844,-0.014868778,2.71355
2024-09-16,3.664586761544892,3.6247454,0.881861,-0.0155552365,0.0007417279,0.011397145,0.14166948,-0.115495235,0.015155178,-0.008999935,2.7139711
2024-09-17,3.6843692986360503,3.6446538,0.8823304,-0.025937978,0.0012368133,0.019004462,0.23623042,-0.19258551,0.02527089,-0.015007173,2.7141113
2024-09-18,3.6913763343125234,3.6762104,0.88704944,-0.040301196,0.0019217016,0.029528227,0.36704358,-0.2992302,0.039264705,-0.02331743,2.7142515
2024-09-19,3.695606774863363,3.6755157,0.89125335,-0.037590176,0.0017924308,0.027541894,0.34235296,-0.2791013,0.03662341,-0.021748893,2.714392
2024-09-20,3.6913763343125234,3.6593828,0.8960695,-0.026244164,0.0012514133,0.019228801,0.239019,-0.1948589,0.025569202,-0.015184326,2.7145321
2024-09-23,3.6843692986360503,3.6729884,0.893245,-0.0348572,0.0016621127,0.025539473,0.3174623,-0.25880936,0.033960722,-0.020167647,2.714953
2024-09-24,3.695606774863363,3.658609,0.88171905,-0.033246428,0.0015853056,0.024359278,0.3027922,-0.24684963,0.032391377,-0.01923569,2.7150934
2024-09-25,3.7106409458954492,3.7147045,0.88909763,-0.059380658,0.0028314767,0.04350753,0.54081,-0.44089225,0.05785347,-0.034356408,2.7152336
2024-09-26,3.7106409458954492,3.6604943,0.8858014,-0.03191372,0.0015217576,0.02338282,0.29065454,-0.2369545,0.031092947,-0.018464614,2.715374
2024-09-27,3.7125959807312525,3.6450052,0.8944411,-0.018856825,0.00089915923,0.013816181,0.17173874,-0.14000903,0.018371854,-0.0109101655,2.7155142
2024-09-30,3.7045067099996354,3.6885257,0.8999595,-0.03907545,0.0018632537,0.028630136,0.35588008,-0.2901292,0.038070485,-0.022608241,2.715935
2024-10-01,3.7045067099996354,3.6940908,0.91428393,-0.03428743,0.0016349442,0.02512201,0.31227311,-0.2545789,0.033405606,-0.019837992,2.7160754
2024-10-02,3.7067193722422673,3.6716661,0.9300817,-0.013648393,0.000650803,0.010000022,0.12430289,-0.101337224,0.013297375,-0.007896675,2.7162156
2024-10-03,3.7005609588877744,3.6382918,0.90692735,-0.008074579,0.00038502406,0.0059161517,0.07353931,-0.05995251,0.007866912,-0.0046717827,2.7163558
2024-10-04,3.694612985961697,3.6914153,0.9075199,-0.036260735,0.0017290384,0.02656783,0.33024505,-0.2692304,0.03532816,-0.020979706,2.7164962
2024-10-07,3.6913763343125234,3.732635,0.9080044,-0.05794979,0.0027632478,0.04245915,0.52777827,-0.4302683,0.0564594,-0.033528537,2.716917
2024-10-08,3.6883793290722537,3.6940079,0.8987199,-0.04208802,0.0020069038,0.030837415,0.38331708,-0.3124971,0.041005578,-0.02435125,2.7170572
2024-10-09,3.6995720836526793,3.6279554,0.9127428,0.0010679363,-5.0922932e-05,-0.0007824648,-0.009726241,0.007929264,-0.0010404706,0.0006178857,2.7171977
2024-10-10,3.7057365711803594,3.6604438,0.8995378,-0.02343972,0.0011176877,0.017174017,0.2134775,-0.17403632,0.022836884,-0.013561733,2.7173378
2024-10-11,3.6985822295753215,3.7030463,0.8919601,-0.050360955,0.002401386,0.0368989,0.45866293,-0.37392238,0.049065743,-0.029137798,2.7174783
2024-10-14,3.6985822295753215,3.7418694,0.9000859,-0.06664982,0.0031780957,0.048833564,0.60701394,-0.4948647,0.064935684,-0.038562197,2.717899
2024-10-15,3.7106409458954492,3.7136786,0.88979197,-0.056945805,0.0027153746,0.041723542,0.51863456,-0.42281386,0.055481244,-0.032947656,2.7180393
2024-10-16,3.707701208354524,3.7029774,0.89356905,-0.049081016,0.002340354,0.035961103,0.4470059,-0.36441904,0.047818724,-0.028397255,2.7181795
2024-10-17,3.716737782242333,3.7084203,0.8962044,-0.0505161,0.002408784,0.03701257,0.46007594,-0.37507433,0.0492169,-0.029227564,2.71832
2024-10-18,3.716737782242333,3.7256157,0.8879265,-0.06414519,0.0030586664,0.04699845,0.584203,-0.47626817,0.062495466,-0.037113067,2.71846
2024-10-21,3.7035217308508064,3.7218647,0.89869225,-0.056108765,0.0026754618,0.041110255,0.5110112,-0.416599,0.054665733,-0.032463364,2.7188811
2024-10-22,3.685373314784649,3.7072935,0.9109615,-0.041593038,0.001983301,0.030474743,0.378809,-0.30882192,0.040523324,-0.024064861,2.7190213
2024-10-23,3.678071255397333,3.5973687,0.90829384,0.01618672,-0.00077183923,-0.011859825,-0.14742072,0.12018391,-0.01577042,0.009365298,2.7191615
2024-10-24,3.6696966346971625,3.6168222,0.90583336,0.00447243,-0.00021326105,-0.0032768985,-0.040732704,0.033207107,-0.0043574055,0.0025876546,2.7193017
2024-10-25,3.659450643423124,3.6076946,0.89883906,0.005695543,-0.00027158335,-0.0041730595,-0.05187222,0.042288534,-0.0055490616,0.0032953224,2.7194421
2024-10-28,3.659450643423124,3.6092973,0.8829549,-0.0034858377,0.0001662169,0.0025540334,0.031747304,-0.025881808,0.0033961867,-0.0020168328,2.719863
2024-10-29,3.6604799795922385,3.6120448,0.88761973,-0.0023789532,0.00011343679,0.001743032,0.021666342,-0.017663363,0.00231777,-0.0013764127,2.7200034
2024-10-30,3.6635616461296463,3.649759,0.8812394,-0.026026295,0.0012410246,0.01906917,0.23703477,-0.19324125,0.025356935,-0.015058272,2.7201436
2024-10-31,3.664586761544892,3.6001477,0.8708456,-0.004851827,0.00023135202,0.0035548785,0.044188067,-0.03602407,0.004727045,-0.002807166,2.720284
2024-11-01,3.664586761544892,3.5990834,0.8692612,-0.0050561093,0.00024109293,0.0037045537,0.04604857,-0.037540834,0.0049260734,-0.0029253594,2.7204242
2024-11-04,3.6635616461296463,3.6823883,0.8531679,-0.058305897,0.0027802284,0.042720065,0.53102154,-0.43291235,0.056806352,-0.033734575,2.720845
2024-11-05,3.657130755799356,3.7081404,0.84310764,-0.07749736,0.0036953446,0.056781434,0.7058081,-0.575406,0.07550424,-0.044838358,2.7209854
2024-11-06,3.6709700335703683,3.687623,0.8447545,-0.0654977,0.0031231586,0.047989417,0.59652096,-0.48631036,0.06381319,-0.0378956,2.7211256
2024-11-07,3.6615082573178044,3.676559,0.8478091,-0.057826236,0.0027573567,0.042368624,0.52665305,-0.42935094,0.05633903,-0.033457056,2.7212658
2024-11-08,3.657130755799356,3.6207795,0.84759206,-0.027858304,0.0013283811,0.020411463,0.2537198,-0.20684364,0.027141828,-0.016118234,2.7214062
2024-11-11,3.6381123370602833,3.6421769,0.8611151,-0.03186827,0.0015195904,0.02334952,0.29024062,-0.23661703,0.031048665,-0.018438317,2.721827
2024-11-12,3.6336309798834576,3.655735,0.8661073,-0.03640119,0.0017357357,0.026670737,0.33152422,-0.27027324,0.035465002,-0.02106097,2.7219672
2024-11-13,3.6304555339762192,3.6317587,0.86428756,-0.024405623,0.0011637453,0.017881723,0.22227448,-0.18120801,0.023777947,-0.014120584,2.7221076
2024-11-14,3.616308761279101,3.5766523,0.8622273,0.0042086905,-0.00020068504,-0.0030836596,-0.038330693,0.03124888,-0.004100449,0.0024350607,2.7222478
2024-11-15,3.5986811861957873,3.5591476,0.84629047,0.0051276707,-0.00024450524,-0.003756986,-0.046700317,0.038072173,-0.004995795,0.0029667635,2.7223883
2024-11-18,3.592919062968025,3.5807137,0.84207577,-0.008515952,0.00040607032,0.0062395413,0.07755913,-0.06322964,0.008296934,-0.0049271523,2.7228088
2024-11-19,3.596215769250517,3.5702543,0.82325125,-0.012940951,0.00061706966,0.009481687,0.11785984,-0.09608457,0.012608128,-0.007487364,2.7229493
2024-11-20,3.605226069116683,3.5327113,0.82257974,0.0069714105,-0.0003324212,-0.0051078736,-0.0634922,0.05176166,-0.0067921164,0.004033513,2.7230895
2024-11-21,3.6130777406976544,3.5142555,0.8131353,0.011894938,-0.0005671921,-0.008715285,-0.10833327,0.08831809,-0.011589016,0.0068821628,2.72323
2024-11-22,3.620600613360642,3.5449286,0.7939079,-0.014875983,0.0007093387,0.010899463,0.13548318,-0.11045189,0.014493394,-0.008606933,2.72337
2024-11-25,3.617383452408866,3.6362305,0.8029006,-0.058931854,0.0028100763,0.0431787,0.5367225,-0.43756002,0.05741621,-0.034096744,2.7237911
2024-11-26,3.6325736179028416,3.6617098,0.8016293,-0.07324825,0.0034927318,0.053668156,0.6671092,-0.54385704,0.07136441,-0.04237991,2.7239313
2024-11-27,3.634951112088381,3.6501226,0.80573905,-0.06472775,0.0030864452,0.04742529,0.5895087,-0.48059365,0.06306305,-0.037450127,2.7240715
2024-11-28,3.629394807279044,3.6218548,0.8064767,-0.049047314,0.0023387468,0.035936408,0.44669893,-0.36416876,0.047785886,-0.028377753,2.7242117
2024-11-29,3.643358938812127,3.6473055,0.8063768,-0.062718056,0.0029906156,0.045952804,0.5712054,-0.46567196,0.06110504,-0.03628736,2.7243521
2024-12-02,3.6381123370602833,3.7127008,0.82095724,-0.08983013,0.004283414,0.06581752,0.81812894,-0.66697496,0.08751983,-0.051973846,2.724773
2024-12-03,3.6283329542459026,3.682596,0.8354612,-0.06575506,0.0031354306,0.048177987,0.598865,-0.4882213,0.06406394,-0.03804451,2.7249131
2024-12-04,3.608482517041907,3.6179838,0.8515908,-0.022240674,0.001060513,0.016295489,0.20255718,-0.1651336,0.021668676,-0.01286799,2.7250535
2024-12-05,3.627269972482245,3.5900755,0.8421954,-0.012205198,0.00058198645,0.008942611,0.111158974,-0.090621725,0.011891298,-0.0070616733,2.7251937
2024-12-06,3.6402142821326553,3.6173875,0.84785,-0.023781402,0.0011339801,0.017424362,0.21658938,-0.17657326,0.023169778,-0.013759424,2.7253342
2024-12-09,3.6423118182976015,3.652666,0.8449387,-0.044101037,0.0021028912,0.03231233,0.4016507,-0.32744345,0.042966824,-0.02551594,2.725755
2024-12-10,3.643358938812127,3.6251721,0.8366855,-0.033674162,0.0016057015,0.024672674,0.3066878,-0.25002548,0.03280811,-0.019483168,2.7258954
2024-12-11,3.6402142821326553,3.6685712,0.8462275,-0.05181368,0.002470657,0.037963297,0.47189367,-0.38470864,0.050481107,-0.029978316,2.7260356
2024-12-12,3.6402142821326553,3.6554077,0.83087134,-0.052917883,0.002523309,0.038772326,0.48195013,-0.39290714,0.051556908,-0.030617181,2.7261758
2024-12-13,3.636005964506868,3.6374834,0.83884734,-0.03890803,0.0018552707,0.028507473,0.35435534,-0.2888862,0.037907373,-0.022511376,2.726316
2024-12-16,3.643358938812127,3.6108727,0.82730335,-0.030575803,0.0014579609,0.022402542,0.27846944,-0.22702062,0.029789435,-0.01769052,2.726737
2024-12-17,3.6402142821326553,3.6271036,0.81248504,-0.047204718,0.0022508856,0.03458636,0.42991745,-0.3504878,0.04599068,-0.027311664,2.7268772
2024-12-18,3.6454498961866,3.6631603,0.8223144,-0.061239418,0.002920109,0.044869427,0.55773866,-0.4546933,0.05966443,-0.03543185,2.7270176
2024-12-19,3.63705970538414,3.6779976,0.8350791,-0.062279157,0.0029696876,0.04563123,0.5672081,-0.46241316,0.060677428,-0.03603342,2.7271576
2024-12-20,3.63705970538414,3.6278114,0.85044277,-0.026937904,0.0012844931,0.019737095,0.24533725,-0.2000098,0.026245099,-0.015585708,2.727298
2024-12-23,3.6423118182976015,3.5784066,0.84183085,-0.004764932,0.00022720858,0.0034912114,0.04339667,-0.03537889,0.004642385,-0.0027568904,2.7277188
2024-12-24,3.629129449708162,3.6149302,0.84137785,-0.024582785,0.0011721929,0.018011527,0.22388797,-0.18252341,0.02395055,-0.014223087,2.7278593
2024-12-25,3.643358938812127,3.6699915,0.8399328,-0.05490783,0.0026181967,0.04023034,0.5000737,-0.4076822,0.05349568,-0.031768523,2.7279994
2024-12-26,3.6524747722201365,3.6502633,0.8324675,-0.048234873,0.0023000068,0.03534114,0.4392996,-0.3581365,0.04699434,-0.027907688,2.7281399
2024-12-27,3.656356262408376,3.6490376,0.8277905,-0.050016113,0.0023849427,0.03664624,0.4555223,-0.37136197,0.04872977,-0.02893828,2.72828
2024-12-30,3.6331024386449378,3.6333566,0.84134203,-0.034062557,0.0016242214,0.024957247,0.3102251,-0.25290924,0.033186518,-0.019707885,2.7287009
2024-12-31,3.61469455592456,3.6057057,0.8361664,-0.021895465,0.0010440521,0.016042558,0.19941318,-0.16257048,0.021332344,-0.012668259,2.7288413
2025-01-01,3.6232372089989617,3.5603466,0.827092,-0.0022989044,0.00010961978,0.001684381,0.020937297,-0.017069014,0.0022397798,-0.0013300981,2.7289815
2025-01-02,3.6317798620733637,3.5928907,0.8346502,-0.015665777,0.0007469989,0.011478136,0.14267623,-0.11631599,0.015262876,-0.009063892,2.7291217
2025-01-03,3.6317798620733637,3.5787327,0.8175506,-0.017172959,0.00081886654,0.012582431,0.1564029,-0.12750658,0.016731294,-0.0099359155,2.729262
2025-01-06,3.647275904258861,3.5822725,0.82698154,-0.013777208,0.00065694534,0.010094403,0.12547608,-0.102293655,0.0134228775,-0.007971206,2.729683
2025-01-07,3.687878953780353,3.6626801,0.8253675,-0.057829134,0.0027574948,0.042370748,0.52667946,-0.42937246,0.05634185,-0.033458732,2.729823
2025-01-08,3.686626919060642,3.673014,0.8396418,-0.055633795,0.0026528134,0.04076225,0.5066854,-0.4130724,0.054202974,-0.032188557,2.7299635
2025-01-09,3.6765538044232993,3.6582398,0.8669409,-0.032922912,0.0015698794,0.024122244,0.2998458,-0.24444759,0.032076187,-0.019048512,2.7301037
2025-01-10,3.6550641056192057,3.621491,0.84999627,-0.022192698,0.0010582252,0.016260337,0.20212023,-0.16477738,0.021621933,-0.012840231,2.7302442
2025-01-13,3.660222744864132,3.6515474,0.8380088,-0.044585966,0.0021260143,0.03266763,0.40606716,-0.33104396,0.04343928,-0.025796508,2.7306647
2025-01-14,3.6524747722201365,3.7141094,0.8412325,-0.07643451,0.0036446638,0.05600269,0.6961281,-0.5675145,0.074468724,-0.04422341,2.7308052
2025-01-15,3.657646751682838,3.6862202,0.84317994,-0.060306802,0.0028756387,0.044186108,0.5492448,-0.44776875,0.058755796,-0.034892257,2.7309456
2025-01-16,3.662792119350618,3.65514,0.84743494,-0.041221123,0.0019655668,0.030202249,0.37542185,-0.30606052,0.040160976,-0.023849683,2.7310858
2025-01-17,3.6653549090669792,3.6006532,0.85973966,-0.0052118883,0.000248521,0.003818691,0.04746733,-0.03869747,0.005077846,-0.0030154898,2.731226
2025-01-20,3.6752875005944694,3.6742585,0.87555563,-0.036076043,0.0017202316,0.026432509,0.32856295,-0.2678591,0.035148222,-0.020872848,2.731647
2025-01-21,3.6727500721840527,3.6513274,0.89773774,-0.011729698,0.00055931293,0.008594216,0.10682836,-0.087091215,0.011428027,-0.0067865583,2.7317872
2025-01-22,3.6653549090669792,3.6348982,0.8754337,-0.014814893,0.00070642575,0.010854702,0.1349268,-0.1099983,0.014433875,-0.008571588,2.7319274
2025-01-23,3.6752875005944694,3.5764742,0.8508892,0.0034876727,-0.0001663044,-0.0025553778,-0.031764016,0.025895434,-0.003397975,0.0020178948,2.7320676
2025-01-24,3.6778185067545115,3.674026,0.84214675,-0.0536231,0.0025569363,0.039289035,0.48837295,-0.39814326,0.052243993,-0.031025207,2.732208
2025-01-27,3.6753141088538626,3.6547985,0.8372078,-0.045709334,0.0021795805,0.03349071,0.41629827,-0.3393848,0.044533756,-0.026446467,2.7326288
2025-01-28,3.6728097109532136,3.6511436,0.8444586,-0.039766606,0.0018962106,0.02913654,0.3621748,-0.29526097,0.038743865,-0.023008129,2.7327693
2025-01-29,3.6703053130525647,3.6346989,0.8429673,-0.03164635,0.0015090082,0.023186918,0.28821945,-0.23496927,0.030832449,-0.018309915,2.7329094
2025-01-30,3.6678009151519158,3.6378412,0.8649638,-0.021427179,0.0010217227,0.01569945,0.19514826,-0.15909353,0.020876102,-0.012397319,2.7330496
2025-01-31,3.665296517251267,3.643056,0.8715044,-0.020638332,0.0009841076,0.01512147,0.18796381,-0.15323643,0.020107543,-0.011940908,2.73319
2025-02-03,3.662792119350618,3.6047482,0.86192685,-0.0049552056,0.0002362815,0.0036306228,0.04512959,-0.036791645,0.0048277653,-0.0028669788,2.7336109
2025-02-04,3.6689318163042404,3.5967402,0.86923844,0.0033622277,-0.00016032276,-0.002463466,-0.030621525,0.024964025,-0.003275756,0.0019453148,2.7337513
2025-02-05,3.6676558176623097,3.6515112,0.85573196,-0.033295617,0.0015876511,0.024395319,0.30324018,-0.24721484,0.0324393,-0.019264149,2.7338915
2025-02-06,3.6727500721840527,3.6472058,0.8558716,-0.030828642,0.001470017,0.022587795,0.28077218,-0.22889793,0.03003577,-0.01783681,2.7340317
2025-02-07,3.6901286735143684,3.6276617,0.86204153,-0.016919065,0.00080676004,0.012396407,0.15409058,-0.12562148,0.016483933,-0.009789019,2.7341719
2025-02-10,3.686626919060642,3.6590772,0.85070556,-0.039692774,0.0018926898,0.029082442,0.36150235,-0.29471275,0.03867193,-0.02296541,2.734593
2025-02-11,3.6888794541139363,3.6863286,0.85729843,-0.05073165,0.0024190622,0.037170503,0.46203908,-0.37667477,0.049426906,-0.029352276,2.734733
2025-02-12,3.6778185067545115,3.7020721,0.8646061,-0.05519479,0.00263188,0.040440597,0.50268716,-0.40981287,0.053775266,-0.031934556,2.7348735
2025-02-13,3.6778185067545115,3.6514485,0.85488915,-0.033111505,0.0015788719,0.02426042,0.30156338,-0.24584784,0.032259922,-0.019157624,2.7350137
2025-02-14,3.6938669956249757,3.6436312,0.8644427,-0.023690505,0.0011296459,0.017357763,0.21576153,-0.17589837,0.023081219,-0.013706832,2.7351542
2025-02-17,3.6828613817883733,3.6233993,0.86403704,-0.0127975065,0.00061022973,0.009376587,0.11655343,-0.09501952,0.0124683725,-0.0074043707,2.7355747
2025-02-18,3.6901286735143684,3.6390553,0.86462885,-0.020826602,0.0009930851,0.015259416,0.18967852,-0.15463434,0.020290973,-0.012049838,2.7357152
2025-02-19,3.6988297849671046,3.6760716,0.8808912,-0.031916723,0.0015219006,0.02338502,0.2906819,-0.23697676,0.031095872,-0.01846635,2.7358556
2025-02-20,3.700066643504501,3.683866,0.8734672,-0.040028926,0.0019087188,0.029328741,0.36456388,-0.29720867,0.038999442,-0.023159903,2.7359958
2025-02-21,3.700066643504501,3.6787713,0.8946557,-0.025812924,0.0012308502,0.018912835,0.23509149,-0.19165699,0.025149053,-0.014934819,2.736136
2025-02-24,3.7049988359938197,3.702702,0.8875402,-0.04228944,0.0020165083,0.030984992,0.38515157,-0.31399262,0.04120182,-0.024467789,2.7365568
2025-02-25,3.708682081410116,3.7139583,0.86639977,-0.059643183,0.0028439949,0.043699883,0.5432009,-0.4428415,0.058109246,-0.034508303,2.7366972
2025-02-26,3.7074558396868715,3.7240615,0.88759494,-0.053600296,0.002555849,0.039272327,0.4881653,-0.39797398,0.05222177,-0.031012012,2.7368374
2025-02-27,3.7013019741124933,3.7473187,0.8729968,-0.07389112,0.003523386,0.054139182,0.67296416,-0.5486302,0.07199074,-0.042751856,2.7369776
2025-02-28,3.7013019741124933,3.671568,0.8816652,-0.028398056,0.0013541183,0.020806931,0.2586356,-0.2108512,0.027667698,-0.016430523,2.737118
2025-03-03,3.7013019741124933,3.6610284,0.88838524,-0.018886158,0.00090055796,0.013837673,0.17200589,-0.14022684,0.018400434,-0.010927138,2.7375388
2025-03-04,3.6975913947159578,3.666914,0.8769505,-0.028128942,0.0013412861,0.020609757,0.25618467,-0.2088531,0.027405508,-0.01627482,2.737679
2025-03-05,3.6938669956249757,3.6751065,0.8956109,-0.02242168,0.0010691439,0.01642811,0.20420569,-0.16647753,0.021845026,-0.012972716,2.7378194
2025-03-06,3.6975913947159578,3.686519,0.8866419,-0.03331152,0.0015884094,0.024406971,0.30338502,-0.24733292,0.032454796,-0.01927335,2.7379596
2025-03-07,3.7062280924485496,3.6490674,0.8786156,-0.017405204,0.0008299409,0.012752595,0.15851809,-0.12923098,0.016957568,-0.010070289,2.7381
2025-03-10,3.7121075802331434,3.691339,0.8888538,-0.034412663,0.0016409158,0.025213767,0.3134137,-0.25550875,0.03352762,-0.01991045,2.7385209
2025-03-11,3.7121075802331434,3.6970096,0.88305795,-0.040506214,0.0019314776,0.029678442,0.3689108,-0.30075243,0.039464455,-0.02343605,2.738661
2025-03-12,3.700066643504501,3.6937292,0.879533,-0.040562302,0.0019341521,0.029719537,0.3694216,-0.30116886,0.039519098,-0.023468502,2.7388015
2025-03-13,3.6828613817883733,3.7147098,0.8793105,-0.0518942,0.0024744966,0.03802229,0.47262704,-0.3853065,0.050559558,-0.030024905,2.7389417
2025-03-14,3.687878953780353,3.6809764,0.8767892,-0.035026617,0.0016701912,0.025663601,0.3190053,-0.26006725,0.034125783,-0.02026567,2.7390819
2025-03-17,3.686626919060642,3.6564238,0.87228996,-0.024011437,0.0011449491,0.017592907,0.21868442,-0.17828125,0.023393897,-0.0138925165,2.739503
2025-03-18,3.6778185067545115,3.6275904,0.8667716,-0.011392493,0.0005432338,0.00834715,0.10375725,-0.084587514,0.011099495,-0.006591459,2.739643
2025-03-19,3.6727500721840527,3.631998,0.8683182,-0.012856227,0.00061302976,0.009419611,0.11708821,-0.095455505,0.012525583,-0.0074383444,2.7397833
2025-03-20,3.6727500721840527,3.650962,0.86914885,-0.022536539,0.0010746208,0.016512265,0.20525177,-0.16733034,0.021956932,-0.013039172,2.7399237
2025-03-21,3.6640743351949654,3.6701212,0.8744716,-0.029905077,0.0014259784,0.02191111,0.2723608,-0.22204061,0.029135963,-0.017302454,2.740064
2025-03-24,3.6550641056192057,3.6031897,0.87302876,0.0055542463,-0.00026484585,-0.004069533,-0.05058536,0.04123943,-0.005411399,0.0032135712,2.7404847
2025-03-25,3.670206188848315,3.5495024,0.85285383,0.023659268,-0.0011281564,-0.017334877,-0.21547705,0.17566645,-0.023050785,0.013688759,2.7406251
2025-03-26,3.666378188767423,3.6913786,0.84464943,-0.057008266,0.002718353,0.041769307,0.5192034,-0.42327762,0.055542093,-0.032983795,2.7407656
2025-03-27,3.6550641056192057,3.7398844,0.8369747,-0.087158136,0.004156004,0.063859776,0.7937937,-0.6471358,0.08491656,-0.050427884,2.7409058
2025-03-28,3.6550641056192057,3.7007756,0.8382359,-0.06536351,0.0031167602,0.0478911,0.5952988,-0.485314,0.06368245,-0.037817962,2.741046
2025-03-31,3.6459719531026598,3.6638236,0.8388371,-0.044933494,0.0021425856,0.03292226,0.40923226,-0.3336243,0.04377787,-0.025997583,2.7414668
2025-04-01,3.6524747722201365,3.6512613,0.8321363,-0.041704524,0.0019886172,0.03055643,0.3798244,-0.30964968,0.040631946,-0.024129367,2.7416072
2025-04-02,3.644666299437611,3.6599474,0.83656937,-0.043917242,0.0020941272,0.03217766,0.39997676,-0.32607877,0.042787757,-0.025409602,2.7417474
2025-04-03,3.572345637857985,3.6515782,0.8297577,-0.043003842,0.0020505732,0.031508427,0.39165798,-0.31929696,0.04189785,-0.024881126,2.7418876
2025-04-04,3.572345637857985,3.6405773,0.8260599,-0.038999245,0.00185962,0.028574303,0.35518605,-0.28956342,0.03799624,-0.022564149,2.742028
2025-04-07,3.5363924270848948,3.6075852,0.8091262,-0.030133374,0.0014368644,0.02207838,0.27444002,-0.22373568,0.029358389,-0.017434541,2.7424488
2025-04-08,3.5004392163118045,3.5083933,0.7901349,0.013089782,-0.00062416645,-0.009590734,-0.119215325,0.09718961,-0.012753131,0.007573474,2.742589
2025-04-09,3.4685444551217657,3.476384,0.7887336,0.029632485,-0.0014129801,-0.021711383,-0.26987818,0.22001664,-0.02887038,0.017144738,2.7427294
2025-04-10,3.5357282746197614,3.3752954,0.7266889,0.05071348,-0.0024181956,-0.03715719,-0.46187356,0.3765398,-0.049409203,0.02934176,2.7428696
2025-04-11,3.5931942039795284,3.493616,0.72553676,-0.0134874,0.00064312626,0.009882065,0.122836635,-0.10014188,0.013140524,-0.0078035286,2.74301
2025-04-14,3.5997749790311153,3.6016827,0.7558569,-0.055088356,0.002626805,0.040362615,0.5017178,-0.40902263,0.053671565,-0.031872977,2.7434309
2025-04-15,3.586292865338835,3.5699325,0.7213715,-0.056484472,0.0026933765,0.041385528,0.5144329,-0.41938853,0.055031773,-0.03268074,2.743571
2025-04-16,3.572345637857985,3.6776276,0.74478835,-0.101750545,0.0048518213,0.07455147,0.9266943,-0.7554822,0.09913367,-0.058870748,2.7437115
2025-04-17,3.5684053006460617,3.691543,0.7178621,-0.123647936,0.005895965,0.09059543,1.1261249,-0.9180669,0.12046789,-0.07154012,2.7438517
2025-04-18,3.5709401562492498,3.6675498,0.71349925,-0.113011405,0.0053887777,0.08280217,1.0292526,-0.8390924,0.11010492,-0.06538604,2.7439919
2025-04-21,3.551340040091875,3.4604754,0.71888995,0.0015210543,-7.2529176e-05,-0.0011144591,-0.013853018,0.011293595,-0.0014819349,0.0008800503,2.7444127
2025-04-22,3.547027829873695,3.5255167,0.69593483,-0.04574541,0.0021813007,0.03351714,0.4166268,-0.33965263,0.044568904,-0.026467338,2.744553
2025-04-23,3.5542045507873348,3.4433773,0.74298435,0.023833584,-0.0011364685,-0.017462596,-0.21706463,0.17696072,-0.02322062,0.013789615,2.7446933
2025-04-24,3.5570608794930885,3.5021298,0.8032543,0.024725497,-0.0011789979,-0.01811609,-0.22518772,0.18358302,-0.024089592,0.014305657,2.7448337
2025-04-25,3.544142657647253,3.493895,0.8383675,0.04812206,-0.0022946275,-0.035258483,-0.4382722,0.3572989,-0.04688443,0.02784242,2.744974
2025-04-28,3.5313480661272005,3.501993,0.80100423,0.02389041,-0.001139178,-0.017504232,-0.21758215,0.17738263,-0.02327598,0.013822492,2.7453947
2025-04-29,3.5313480661272005,3.6328368,0.7632541,-0.066737555,0.0031822794,0.048897848,0.607813,-0.49551615,0.065021165,-0.038612958,2.745535
2025-04-30,3.533533394727594,3.7435532,0.7561746,-0.13003619,0.006200579,0.095276035,1.1843059,-0.9654988,0.12669185,-0.07523622,2.7456753
2025-05-01,3.535718723327987,3.597971,0.7109984,-0.07594216,0.0036211868,0.05564195,0.691644,-0.56385887,0.073989026,-0.043938544,2.7458158
2025-05-02,3.5379040519283804,3.5358918,0.6982568,-0.049323216,0.0023519031,0.03613856,0.44921175,-0.36621732,0.048054695,-0.028537383,2.745956
2025-05-05,3.540089380528774,3.544015,0.6960051,-0.054678477,0.0026072606,0.040062297,0.49798483,-0.4059793,0.053272225,-0.03163583,2.7463768
2025-05-06,3.5429862539335333,3.5220897,0.6988896,-0.041255407,0.0019672017,0.030227367,0.3757341,-0.3063151,0.04019438,-0.023869518,2.7465172
2025-05-07,3.541538866215227,3.5192404,0.72435343,-0.025947511,0.0012372679,0.019011445,0.23631722,-0.19265628,0.025280178,-0.015012688,2.7466574
2025-05-08,3.5570608794930885,3.561078,0.7281205,-0.04635399,0.0022103197,0.03396304,0.42216948,-0.34417126,0.045161832,-0.02681945,2.7467976
2025-05-09,3.547027829873695,3.5435853,0.7245336,-0.03879712,0.0018499821,0.028426211,0.35334522,-0.28806266,0.037799314,-0.022447206,2.746938
2025-05-12,3.551340040091875,3.610652,0.7260739,-0.073823914,0.0035201819,0.054089945,0.67235214,-0.5481312,0.07192527,-0.04271298,2.7473588
2025-05-13,3.566994266123812,3.6083016,0.73272586,-0.068905085,0.003285635,0.050485972,0.6275538,-0.5116097,0.06713294,-0.039867043,2.747499
2025-05-14,3.6119984097779785,3.6095195,0.73609585,-0.06767192,0.003226833,0.04958244,0.6163227,-0.5024536,0.06593149,-0.039153557,2.7476392
2025-05-15,3.610647605844363,3.5557384,0.7484058,-0.032039586,0.0015277592,0.023475042,0.2918009,-0.23788904,0.031215576,-0.018537438,2.7477796
2025-05-16,3.5890591188317256,3.5822082,0.7658242,-0.036833506,0.0017563499,0.02698749,0.33546156,-0.27348316,0.035886202,-0.021311099,2.74792
2025-05-19,3.5779478934066544,3.5909467,0.76795423,-0.040162638,0.0019150946,0.029426709,0.36578166,-0.2982014,0.03912971,-0.023237264,2.7483408
2025-05-20,3.5779478934066544,3.5726175,0.77560073,-0.026112188,0.0012451203,0.019132104,0.23781706,-0.193879,0.025440622,-0.015107968,2.748481
2025-05-21,3.5779478934066544,3.5165424,0.7712788,0.0018063332,-8.613226e-05,-0.0013234798,-0.016451199,0.013411747,-0.001759877,0.0010451067,2.7486215
2025-05-22,3.572345637857985,3.4900656,0.7700127,0.01544532,-0.00073648675,-0.0113166105,-0.14066842,0.114679135,-0.015048089,0.00893634,2.7487617
2025-05-23,3.5684053006460617,3.607895,0.7555215,-0.055667657,0.0026544281,0.04078706,0.5069938,-0.41332385,0.05423597,-0.032208145,2.7489018
2025-05-26,3.5684053006460617,3.6015987,0.761737,-0.048710015,0.0023226636,0.035689272,0.443627,-0.3616644,0.047457263,-0.028182598,2.7493227
2025-05-27,3.580737295494233,3.6894703,0.78267556,-0.0846444,0.00403614,0.062017985,0.7708998,-0.6284717,0.08246747,-0.048973486,2.749463
2025-05-28,3.586292865338835,3.595232,0.78584176,-0.032165345,0.001533756,0.023567185,0.29294625,-0.23882279,0.031338103,-0.0186102,2.7496033
2025-05-29,3.584906863730958,3.6458566,0.7725964,-0.0664518,0.0031686537,0.04868848,0.6052105,-0.49339446,0.06474276,-0.038447626,2.7497437
2025-05-30,3.572345637857985,3.5920644,0.74340665,-0.053140223,0.0025339113,0.038935237,0.4839752,-0.39455804,0.051773537,-0.030745829,2.749884
2025-06-02,3.564166209940295,3.636397,0.74143916,-0.077823296,0.0037108862,0.057020243,0.70877653,-0.577826,0.075821795,-0.045026936,2.7503047
2025-06-03,3.5698143469549963,3.62889,0.7434134,-0.07264699,0.0034640618,0.053227626,0.66163325,-0.53939277,0.070778616,-0.042032033,2.750445
2025-06-04,3.5655812377694427,3.5981283,0.7324409,-0.061924946,0.0029527973,0.0453717,0.5639821,-0.45978323,0.06033232,-0.03582848,2.7505853
2025-06-05,3.558485990180341,3.5644383,0.73385066,-0.042965714,0.0020487553,0.03148049,0.39131072,-0.31901386,0.0418607,-0.024859067,2.7507257
2025-06-06,3.551340040091875,3.594052,0.7425654,-0.054133885,0.0025812923,0.039663278,0.49302495,-0.4019358,0.052741636,-0.031320736,2.750866
2025-06-09,3.551340040091875,3.580564,0.7466025,-0.044478953,0.0021209116,0.032589223,0.40509254,-0.3302494,0.04333502,-0.025734594,2.7512867
2025-06-10,3.5499047018233476,3.5159397,0.7566262,-0.0042430353,0.00020232273,0.0031088237,0.03864349,-0.031503886,0.0041339104,-0.0024549318,2.751427
2025-06-11,3.54558628428746,3.4828172,0.7562484,0.013449316,-0.0006413103,-0.009854161,-0.122489795,0.0998591,-0.013103418,0.007781494,2.7515674
2025-06-12,3.5527733211169448,3.514421,0.73700875,-0.0138291335,0.0006594214,0.01013245,0.12594898,-0.10267919,0.013473469,-0.008001248,2.7517076
2025-06-13,3.559909072816976,3.5491972,0.730815,-0.035795294,0.0017068444,0.026226806,0.32600603,-0.26577458,0.034874693,-0.02071041,2.751848
2025-06-16,3.5684053006460617,3.6145961,0.72585005,-0.07342473,0.0035011473,0.05379746,0.6687165,-0.5451673,0.07153635,-0.042482015,2.7522688
2025-06-17,3.5698143469549963,3.5768204,0.7321634,-0.049629245,0.0023664956,0.036362786,0.45199886,-0.36848953,0.048352852,-0.028714448,2.752409
2025-06-18,3.562749176969724,3.5808535,0.7336968,-0.050898757,0.0024270301,0.03729294,0.46356097,-0.37791547,0.049589712,-0.02944896,2.7525492
2025-06-19,3.566994266123812,3.5386705,0.72961086,-0.030327016,0.001446098,0.022220261,0.27620363,-0.22517346,0.029547052,-0.01754658,2.7526896
2025-06-20,3.572345637857985,3.5908637,0.7382594,-0.053678606,0.0025595832,0.039329704,0.4888785,-0.3985554,0.05229807,-0.031057322,2.75283
2025-06-23,3.5684053006460617,3.5457573,0.7395743,-0.02847763,0.0013579127,0.020865235,0.2593603,-0.21144202,0.027745226,-0.016476562,2.7532506
2025-06-24,3.572345637857985,3.5566156,0.74549407,-0.031058937,0.0014809985,0.02275653,0.2828696,-0.23060785,0.030260148,-0.017970053,2.753391
2025-06-25,3.5684053006460617,3.560206,0.74680686,-0.0322089,0.0015358328,0.023599094,0.29334292,-0.23914616,0.031380534,-0.018635398,2.7535312
2025-06-26,3.564166209940295,3.5875137,0.7533035,-0.043329727,0.0020661126,0.031747196,0.39462596,-0.32171658,0.04221535,-0.025069676,2.7536716
2025-06-27,3.5751506887855933,3.5676785,0.7649032,-0.026342224,0.0012560891,0.019300647,0.23991208,-0.19558698,0.02566474,-0.015241061,2.7538118
2025-06-30,3.580737295494233,3.5122392,0.75463927,-0.0018116079,8.638378e-05,0.0013273444,0.016499236,-0.01345091,0.0017650159,-0.0010481585,2.7542326
2025-07-01,3.5890591188317256,3.5683575,0.754958,-0.031756204,0.0015142466,0.023267409,0.28921998,-0.23578495,0.03093948,-0.018373478,2.754373
2025-07-02,3.58351893845611,3.5926647,0.7568325,-0.043749668,0.0020861367,0.032054882,0.39845058,-0.3248346,0.04262449,-0.025312643,2.7545133
2025-07-03,3.580737295494233,3.6214342,0.7484966,-0.06363672,0.0030344208,0.0466259,0.57957214,-0.4724929,0.06200008,-0.036818877,2.7546535
2025-07-04,3.5876769486047735,3.6027107,0.7599968,-0.047300987,0.002255476,0.034656893,0.43079424,-0.35120258,0.046084475,-0.027367366,2.754794
2025-07-07,3.605226069116683,3.5990186,0.753787,-0.048429042,0.0023092655,0.03548341,0.44106802,-0.35957822,0.047183517,-0.028020034,2.7552147
2025-07-08,3.6133473915014993,3.6194167,0.7505773,-0.06105457,0.0029112948,0.044733986,0.5560551,-0.4533208,0.059484333,-0.0353249,2.755355
2025-07-09,3.6317798620733637,3.608674,0.7669462,-0.04639301,0.0022121808,0.03399163,0.42252487,-0.34446102,0.045199852,-0.026842028,2.7554953
2025-07-10,3.6331024386449378,3.6947875,0.76610434,-0.09309928,0.0044392985,0.068212785,0.8479028,-0.6912479,0.0907049,-0.053865302,2.7556357
2025-07-11,3.6344232683178777,3.6193576,0.7859842,-0.04174739,0.0019906613,0.030587839,0.38021484,-0.309968,0.04067371,-0.024154171,2.755776
2025-07-14,3.643358938812127,3.6881044,0.8023085,-0.06972427,0.0033246966,0.05108618,0.63501453,-0.517692,0.06793106,-0.04034101,2.7561967
2025-07-15,3.629129449708162,3.5869668,0.7947735,-0.019290617,0.0009198438,0.014134015,0.17568949,-0.14322987,0.01879449,-0.011161148,2.756337
2025-07-16,3.63705970538414,3.6371665,0.7977647,-0.044613246,0.0021273152,0.032687616,0.40631562,-0.3312465,0.043465856,-0.025812292,2.7564774
2025-07-17,3.6344232683178777,3.624858,0.80103755,-0.036155146,0.0017240035,0.026490465,0.3292834,-0.26844642,0.035225287,-0.020918613,2.7566175
2025-07-18,3.6357423557008075,3.6584237,0.7986009,-0.05544879,0.0026439917,0.040626694,0.5050005,-0.41169876,0.054022726,-0.03208151,2.7567577
2025-07-21,3.629129449708162,3.6193697,0.81975174,-0.022832299,0.0010887237,0.016728966,0.2079454,-0.16952631,0.022245083,-0.013210291,2.7571788
2025-07-22,3.6498787167642037,3.6465049,0.81517243,-0.039819166,0.0018987167,0.02917505,0.3626535,-0.2956512,0.038795073,-0.023038538,2.757319
2025-07-23,3.644666299437611,3.6561499,0.81282336,-0.046196524,0.0022028114,0.033847667,0.42073536,-0.3430021,0.045008417,-0.026728347,2.7574592
2025-07-24,3.6485781573404106,3.683557,0.82563627,-0.053972624,0.002573603,0.03954513,0.4915563,-0.40073848,0.052584533,-0.031227436,2.7575996
2025-07-25,3.6485781573404106,3.6444979,0.8046966,-0.044148963,0.0021051764,0.032347444,0.40208715,-0.3277993,0.043013517,-0.02554367,2.75774
2025-07-28,3.662792119350618,3.6414547,0.8072833,-0.040893715,0.0019499549,0.02996236,0.37243995,-0.30362955,0.039841987,-0.02366025,2.7581606
2025-07-29,3.610647605844363,3.7424948,0.80697584,-0.09534317,0.0045462954,0.06985686,0.868339,-0.70790845,0.09289109,-0.055163573,2.758301
2025-07-30,3.629129449708162,3.643724,0.7953213,-0.04839913,0.0023078395,0.03546149,0.4407956,-0.3593561,0.04715437,-0.028002726,2.7584412
2025-07-31,3.6224725219163374,3.6920104,0.7974853,-0.07313745,0.0034874487,0.05358697,0.6661001,-0.5430343,0.07125646,-0.0423158,2.7585816
2025-08-01,3.605226069116683,3.5844169,0.7921414,-0.018051915,0.00086077827,0.013226432,0.164408,-0.1340327,0.017587645,-0.01044446,2.7587218
2025-08-04,3.627801604605346,3.5262575,0.79735684,0.016270243,-0.000775822,-0.011921022,-0.14818142,0.12080407,-0.015851798,0.009413624,2.7591426
2025-08-05,3.6459719531026598,3.4975622,0.7983712,0.032329492,-0.001541583,-0.023687452,-0.29444122,0.24004154,-0.031498026,0.01870517,2.759283
2025-08-06,3.6653549090669792,3.6281655,0.7962767,-0.03898645,0.0018590097,0.028564926,0.3550695,-0.28946838,0.03798377,-0.022556745,2.7594233
2025-08-07,3.6888794541139363,3.6945167,0.8227204,-0.06038116,0.0028791844,0.04424059,0.54992205,-0.44832084,0.058828246,-0.03493528,2.7595634
2025-08-08,3.670206188848315,3.6955976,0.8006201,-0.07277712,0.003470267,0.053322967,0.66281843,-0.54035896,0.070905395,-0.042107325,2.7597039
2025-08-11,3.6828613817883733,3.6397188,0.8208222,-0.03161923,0.001507715,0.023167048,0.28797245,-0.2347679,0.030806025,-0.018294225,2.7601247
2025-08-12,3.714547200862514,3.6904855,0.8149022,-0.06204112,0.0029583368,0.04545682,0.5650402,-0.4606458,0.06044551,-0.035895698,2.7602649
2025-08-13,3.711130063048756,3.6005077,0.7934822,-0.025081772,0.0011959864,0.018377129,0.22843252,-0.1862283,0.024436707,-0.01451179,2.760405
2025-08-14,3.7302612918927056,3.7794533,0.8556143,-0.087851666,0.004189074,0.06436791,0.80011,-0.65228516,0.08559225,-0.050829142,2.7605455
2025-08-15,3.702535780561422,3.565114,0.83759606,0.017844254,-0.00085087627,-0.013074283,-0.16251674,0.13249084,-0.017385326,0.010324314,2.760686
2025-08-18,3.6975913947159578,3.629152,0.85263586,-0.008290289,0.00039530988,0.0060742004,0.07550389,-0.06155412,0.008077074,-0.0047965883,2.7611067
2025-08-19,3.6988297849671046,3.755611,0.9233841,-0.038187224,0.0018209,0.027979346,0.34779057,-0.2835343,0.037205104,-0.022094332,2.761247
2025-08-20,3.6951100038645723,3.7689176,0.8766243,-0.07042738,0.003358223,0.05160134,0.6414181,-0.5229125,0.06861609,-0.040747814,2.761387
2025-08-21,3.733613785454107,3.6362638,0.88287914,0.004380795,-0.0002088916,-0.0032097588,-0.03989814,0.032526735,-0.0042681275,0.0025346368,2.7615275
2025-08-22,3.7558369222388173,3.6331954,0.89314204,0.011628576,-0.00055449107,-0.008520125,-0.10590738,0.0863404,-0.011329506,0.006728051,2.7616677
2025-08-25,3.702535780561422,3.8776631,0.8576482,-0.13876413,0.006616758,0.1016709,1.2637959,-1.0303024,0.13519531,-0.08028603,2.7620888
2025-08-26,3.7218305542536223,3.7995176,0.91028196,-0.06832952,0.0032581897,0.05006426,0.62231183,-0.5073362,0.06657218,-0.039534032,2.762229
2025-08-27,3.745496054532832,3.7590017,0.8803639,-0.06255247,0.0029827198,0.045831483,0.56969726,-0.4644425,0.060943708,-0.036191553,2.7623692
2025-08-28,3.7383836490170252,3.6229377,0.85402006,-0.0034475513,0.00016439125,0.0025259815,0.03139861,-0.025597539,0.003358885,-0.001994681,2.7625093
2025-08-29,3.746676552840153,3.6853304,0.890526,-0.01729914,0.0008248833,0.012674883,0.15755211,-0.12844346,0.01685423,-0.010008922,2.7626498
2025-09-01,3.751672743173297,3.73735,0.8407253,-0.071851924,0.0034261504,0.052645087,0.6543922,-0.5334895,0.070003994,-0.041572027,2.7630706
2025-09-02,3.7566689335064405,3.7218616,0.8702381,-0.04756578,0.0022681023,0.034850907,0.43320584,-0.3531686,0.046342455,-0.027520567,2.763211
2025-09-03,3.761665123839584,3.818777,0.92222303,-0.07166296,0.00341714,0.052506644,0.6526713,-0.53208655,0.0698199,-0.041462697,2.7633512
2025-09-04,3.759337917762498,3.7907512,0.89263797,-0.07242648,0.0034535476,0.05306606,0.659625,-0.53775555,0.07056378,-0.041904453,2.7634916
2025-09-05,3.725452434344777,3.7872195,0.9269929,-0.051967826,0.0024780072,0.038076237,0.47329754,-0.38585314,0.05063129,-0.030067502,2.7636318
2025-09-08,3.6938669956249757,3.745428,0.9019513,-0.042729992,0.0020375152,0.03130778,0.38916385,-0.31726366,0.04163104,-0.024722682,2.7640526
2025-09-09,3.6938669956249757,3.6795912,0.87373537,-0.022414569,0.0010688049,0.0164229,0.20414093,-0.16642475,0.021838099,-0.012968603,2.764193
2025-09-10,3.6951100038645723,3.6348834,0.91667855,0.02481692,-0.0011833573,-0.018183075,-0.22602037,0.18426183,-0.024178665,0.014358553,2.7643332
2025-09-11,3.6938669956249757,3.663123,0.86991906,-0.01545686,0.00073703704,0.011325066,0.14077353,-0.114764825,0.015059332,-0.008943017,2.7644734
2025-09-12,3.7013019741124933,3.5794668,0.8537751,0.020939928,-0.0009984889,-0.015342448,-0.19071062,0.15547577,-0.020401385,0.012115406,2.7646136
2025-09-15,3.7314599016490546,3.74719,0.88082474,-0.054515798,0.0025995036,0.039943106,0.49650323,-0.40477148,0.053113732,-0.031541705,2.7650347
2025-09-16,3.7278597537548204,3.8543305,0.8693308,-0.11826565,0.005639319,0.0866519,1.0771058,-0.8781043,0.11522404,-0.06842604,2.7651749
2025-09-17,3.702535780561422,3.7114983,0.869624,-0.041188736,0.0019640226,0.030178517,0.37512687,-0.30582005,0.040129423,-0.023830943,2.765315
2025-09-18,3.6975913947159578,3.6304183,0.8600771,-0.0026285262,0.00012533729,0.0019258913,0.023939332,-0.019516403,0.0025609243,-0.0015208104,2.7654555
2025-09-19,3.6727500721840527,3.6477766,0.8317682,-0.027121857,0.0012932647,0.019871876,0.2470126,-0.20137562,0.026424322,-0.01569214,2.765596
2025-09-22,3.702535780561422,3.6422977,0.81577164,-0.032554112,0.0015522935,0.023852026,0.2964869,-0.24170928,0.03171687,-0.01883513,2.7660165
2025-09-23,3.6988297849671046,3.6520796,0.8346126,-0.027604781,0.0013162922,0.020225711,0.25141084,-0.20496127,0.026894826,-0.01597155,2.766157
2025-09-24,3.7074558396868715,3.5842786,0.8381489,0.010850102,-0.0005173707,-0.007949746,-0.098817416,0.08056034,-0.010571053,0.0062776427,2.766297
2025-09-25,3.700066643504501,3.658627,0.861604,-0.016455047,0.00078463403,0.012056426,0.14986451,-0.1221762,0.016031846,-0.0095205465,2.7664375
2025-09-26,3.6913763343125234,3.6402693,0.88019836,0.0035006802,-0.00016692466,-0.0025649087,-0.031882484,0.025992015,-0.0034106479,0.0020254208,2.7665777
2025-09-29,3.685373314784649,3.718402,0.88792443,-0.034151506,0.0016284628,0.02502242,0.3110352,-0.25356966,0.03327318,-0.019759348,2.7669988
2025-09-30,3.6778185067545115,3.6656802,0.88522685,-0.007163076,0.00034156046,0.0052483045,0.0652378,-0.053184744,0.0069788527,-0.0041444064,2.767139
2025-10-01,3.6790816116338254,3.6574712,0.8262744,-0.034387544,0.001639718,0.02519536,0.31318492,-0.25532225,0.033503145,-0.019895915,2.7672791
2025-10-02,3.68034312309165,3.6587124,0.8376079,-0.028882505,0.0013772188,0.021161884,0.26304775,-0.2144482,0.02813969,-0.016710816,2.7674193
2025-10-03,3.6727500721840527,3.6904159,0.82799315,-0.051036205,0.0024335845,0.03739365,0.4648128,-0.37893602,0.04972363,-0.029528484,2.7675598
2025-10-06,3.696351468952637,3.6085634,0.82515526,-0.008300085,0.00039577697,0.006081377,0.07559311,-0.06162685,0.008086618,-0.0048022554,2.7679806
2025-10-07,3.6901286735143684,3.6681542,0.85583866,-0.023776662,0.0011337542,0.01742089,0.21654621,-0.17653808,0.02316516,-0.013756681,2.7681208
2025-10-08,3.6888794541139363,3.6569993,0.83743197,-0.027602676,0.0013161917,0.020224165,0.25139168,-0.20494564,0.026892774,-0.015970333,2.7682612
2025-10-09,3.6975913947159578,3.6770222,0.85083365,-0.031089429,0.0014824525,0.02277887,0.28314734,-0.23083425,0.030289853,-0.017987695,2.7684014
2025-10-10,3.7074558396868715,3.7081168,0.83969444,-0.05373564,0.0025623026,0.039371494,0.48939794,-0.3989789,0.05235364,-0.03109032,2.7685418
2025-10-13,3.700066643504501,3.6887574,0.8357724,-0.04520392,0.0021554807,0.033120397,0.41169518,-0.33563218,0.044041343,-0.026154045,2.7689626
2025-10-14,3.6788291182604347,3.7285905,0.8488789,-0.059507363,0.0028375187,0.04360037,0.541964,-0.44183308,0.05797692,-0.03442972,2.769103
2025-10-15,3.6724959748634123,3.721983,0.8292738,-0.06642462,0.003167358,0.04866857,0.60496306,-0.49319267,0.06471628,-0.038431905,2.7692432
2025-10-16,3.6826098411003407,3.7163515,0.84821016,-0.053131796,0.0025335094,0.038929064,0.48389846,-0.39449546,0.051765326,-0.030740952,2.7693834
2025-10-17,3.664842876285695,3.6668367,0.8431924,-0.029116755,0.0013883885,0.021333514,0.26518115,-0.21618745,0.028367916,-0.016846348,2.7695236
2025-10-20,3.597312260588446,3.5899525,0.8445129,0.013183628,-0.0006286414,-0.009659494,-0.12007003,0.09788641,-0.012844564,0.007627772,2.7699447
2025-10-21,3.6122683517420957,3.6186738,0.8420353,-0.0035258092,0.00016812289,0.0025833203,0.032111347,-0.026178593,0.0034351305,-0.0020399597,2.7700849
2025-10-22,3.616308761279101,3.5839224,0.8089992,-0.0025275173,0.00012052085,0.0018518833,0.023019392,-0.01876643,0.0024625133,-0.0014623688,2.770225
2025-10-23,3.6082115510464816,3.6291854,0.81025106,-0.026129989,0.0012459691,0.019145146,0.23797916,-0.19401117,0.025457963,-0.015118267,2.7703655
2025-10-24,3.6082115510464816,3.6097217,0.8062521,-0.017734457,0.0008456408,0.012993834,0.16151677,-0.13167563,0.017278353,-0.010260788,2.7705057
2025-10-27,3.597312260588446,3.67245,0.76277155,-0.07464847,0.0035594995,0.054694083,0.6798618,-0.55425346,0.07272862,-0.043190047,2.7709265
2025-10-28,3.6136169696133895,3.7433078,0.7594738,-0.114468604,0.0054582627,0.083869845,1.0425241,-0.8499118,0.11152464,-0.06622915,2.771067
2025-10-29,3.632309102625542,3.7809327,0.7784401,-0.1244314,0.0059333234,0.09116948,1.1332604,-0.92388415,0.12123121,-0.07199342,2.771207
2025-10-30,3.634951112088381,3.6590636,0.7459108,-0.07629116,0.0036378282,0.05589766,0.6948225,-0.5664502,0.074329056,-0.044140473,2.7713475
2025-10-31,3.6216707044204863,3.6379828,0.75568056,-0.05961817,0.002842802,0.043681554,0.54297316,-0.44265577,0.05808487,-0.03449383,2.7714877
2025-11-03,3.6136169696133895,3.6468246,0.73847294,-0.07340624,0.0035002653,0.053783916,0.6685481,-0.54503006,0.07151834,-0.04247132,2.7719085
2025-11-04,3.634951112088381,3.6808991,0.74638593,-0.08740561,0.004167804,0.06404109,0.7960475,-0.6489732,0.085157655,-0.05057106,2.772049
2025-11-05,3.654546775033431,3.5778909,0.80406857,-0.0008786171,4.1895528e-05,0.0006437528,0.008002015,-0.006523597,0.0008560204,-0.00050834956,2.7721891
2025-11-06,3.6506582412937387,3.537941,0.77158093,0.0032114517,-0.00015313322,-0.0023529942,-0.02924833,0.023844538,-0.0031288578,0.001858079,2.7723293
2025-11-07,3.624340932976365,3.5120835,0.7922387,0.0283121,-0.0013500197,-0.020743953,-0.25785276,0.210213,-0.027583955,0.01638079,2.7724698
2025-11-10,3.6216707044204863,3.6656168,0.8198224,-0.03922217,0.0018702499,0.028737638,0.35721636,-0.2912186,0.03821343,-0.02269313,2.7728906
2025-11-11,3.6375861597263857,3.6130965,0.80531836,-0.01869399,0.0008913946,0.013696874,0.17025572,-0.1388,0.018213207,-0.010815952,2.7730308
2025-11-12,3.644143560272545,3.5773025,0.821572,0.009383104,-0.0004474191,-0.0068748933,-0.085456714,0.06966811,-0.009141784,0.005428868,2.7731712
2025-11-13,3.6454498961866,3.5240517,0.80310583,0.028172543,-0.0013433651,-0.020641701,-0.25658172,0.20917681,-0.027447985,0.016300045,2.7733114
2025-11-14,3.646754527813265,3.5976863,0.7845864,-0.021330751,0.0010171246,0.0156288,0.19427006,-0.15837756,0.020782156,-0.012341528,2.7734518
2025-11-17,3.648057459593681,3.6303697,0.79208136,-0.034655705,0.001652505,0.025391841,0.31562722,-0.2573133,0.03376441,-0.02005107,2.7738724
2025-11-18,3.648057459593681,3.6646013,0.8104041,-0.043139085,0.002057022,0.031607516,0.39288968,-0.3203011,0.04202961,-0.024959374,2.7740128
2025-11-19,3.6402142821326553,3.5333996,0.80916303,0.026855001,-0.0012805403,-0.019676356,-0.24458224,0.19939427,-0.026164332,0.015537745,2.774153
2025-11-20,3.636269503841639,3.5140178,0.7886686,0.026331946,-0.0012555992,-0.019293118,-0.2398185,0.19551069,-0.02565473,0.015235117,2.7742934
2025-11-21,3.6270040503958487,3.5454516,0.77989745,0.004777142,-0.00022779078,-0.0035001575,-0.04350787,0.035469547,-0.0046542804,0.0027639545,2.7744336
2025-11-24,3.6283329542459026,3.5855184,0.78057677,-0.016186884,0.0007718471,0.011859946,0.14742222,-0.12018514,0.01577058,-0.009365394,2.7748547
2025-11-25,3.6109179126442243,3.5113225,0.79366577,0.030847855,-0.0014709333,-0.022601873,-0.28094718,0.2290406,-0.030054495,0.017847925,2.7749949
2025-11-26,3.6203329115788265,3.5127165,0.7887594,0.027533652,-0.0013129006,-0.020173594,-0.25076306,0.20443316,-0.026825529,0.015930397,2.775135
2025-11-27,3.6256733782101436,3.5381393,0.7815835,0.010071171,-0.00048022857,-0.007379033,-0.0917233,0.0747769,-0.009812156,0.0058269696,2.7752755
2025-11-28,3.6136169696133895,3.628977,0.78611267,-0.03628733,0.0017303065,0.026587315,0.33048725,-0.26942787,0.035354074,-0.020995094,2.7754157
2025-12-01,3.609565647394211,3.675496,0.7819522,-0.06332632,0.00301962,0.046398476,0.57674515,-0.47018823,0.061697662,-0.036639288,2.7758365
2025-12-02,3.6068556186353455,3.6526904,0.7733908,-0.055587612,0.002650611,0.04072841,0.50626475,-0.41272947,0.054157976,-0.03216183,2.7759767
2025-12-03,3.648057459593681,3.6476402,0.7606027,-0.059675045,0.0028455143,0.04372323,0.5434911,-0.44307804,0.05814029,-0.034526736,2.776117
2025-12-04,3.6428355156125294,3.665915,0.76851684,-0.06517376,0.0031077124,0.04775207,0.59357077,-0.4839052,0.06349759,-0.03770818,2.7762573
2025-12-05,3.632309102625542,3.6718001,0.7595215,-0.073103845,0.0034858463,0.053562358,0.6657941,-0.54278487,0.07122372,-0.04229636,2.7763977
2025-12-08,3.624340932976365,3.6957655,0.77013904,-0.080058604,0.0038174735,0.05865803,0.7291346,-0.5944229,0.077999614,-0.04632024,2.7768185
2025-12-09,3.6230067099632284,3.7067065,0.7758106,-0.082818076,0.0039490545,0.060679864,0.75426656,-0.61491156,0.08068811,-0.04791681,2.776959
2025-12-10,3.629660094453965,3.6670117,0.7758587,-0.061360914,0.0029259024,0.044958446,0.55884516,-0.45559537,0.0597828,-0.035502143,2.7770991
2025-12-11,3.6270040503958487,3.623118,0.7941489,-0.027830604,0.0013270603,0.020391166,0.25346753,-0.20663796,0.02711484,-0.016102206,2.7772393
2025-12-12,3.6109179126442243,3.6190948,0.7642046,-0.041700628,0.0019884314,0.030553576,0.3797889,-0.30962077,0.040628146,-0.024127113,2.7773795
2025-12-15,3.6109179126442243,3.6490822,0.7796573,-0.049293883,0.0023505043,0.03611707,0.44894457,-0.36599955,0.048026115,-0.028520413,2.7778006
2025-12-16,3.6216707044204863,3.6734052,0.7901529,-0.056657527,0.0027016285,0.041512325,0.51600903,-0.4206734,0.055200372,-0.032780863,2.7779408
2025-12-17,3.6375861597263857,3.5600665,0.7893361,0.003954641,-0.00018857108,-0.0028975205,-0.036016937,0.029362604,-0.0038529334,0.0022880728,2.7780812
2025-12-18,3.6375861597263857,3.6121879,0.7964856,-0.020164674,0.000961522,0.014774427,0.18364999,-0.14971961,0.019646067,-0.01166686,2.7782214
2025-12-19,3.629660094453965,3.6160753,0.76356983,-0.039889313,0.0019020615,0.029226445,0.36329234,-0.29617202,0.038863417,-0.023079123,2.7783618
2025-12-22,3.648057459593681,3.7524714,0.7744456,-0.1071927,0.0051113223,0.07853887,0.97625875,-0.7958894,0.10443585,-0.06201946,2.7787824
2025-12-23,3.6375861597263857,3.7487097,0.78274935,-0.10062597,0.004798197,0.0737275,0.9164521,-0.7471324,0.09803802,-0.05822009,2.7789228
2025-12-24,3.648057459593681,3.648948,0.77006435,-0.05370341,0.002560766,0.03934788,0.4891044,-0.39873958,0.052322235,-0.031071672,2.779063
2025-12-25,3.6584202466292277,3.6211538,0.7811648,-0.032702517,0.0015593701,0.023960764,0.2978385,-0.24281117,0.031861458,-0.018920993,2.7792034
2025-12-26,3.6584202466292277,3.6729217,0.77104056,-0.06592506,0.0031435369,0.048302542,0.6004132,-0.48948345,0.06422956,-0.038142864,2.7793436
2025-12-29,3.6584202466292277,3.6585946,0.7903424,-0.04760633,0.002270036,0.034880616,0.43357518,-0.3534697,0.046381965,-0.027544029,2.7797644
2025-12-30,3.673765816303888,3.5988946,0.8129058,-0.0032733397,0.00015608426,0.0023983389,0.029811976,-0.024304047,0.0031891542,-0.0018938861,2.7799048
2025-12-31,3.6609942506244004,3.5412989,0.8070505,0.0246386,-0.0011748545,-0.018052422,-0.22439633,0.18293783,-0.024004932,0.01425538,2.780045
2026-01-01,3.6571157324001513,3.5635211,0.82269585,0.02117565,-0.0010097289,-0.015515159,-0.19285747,0.15722595,-0.020631045,0.012251791,2.7801855
2026-01-02,3.653237214175902,3.6516342,0.8073297,-0.034420613,0.001641295,0.025219593,0.31348613,-0.2555678,0.03353537,-0.01991505,2.7803257
2026-01-05,3.649358695951653,3.7107337,0.8059512,-0.06673124,0.0031819781,0.048893217,0.6077554,-0.4954692,0.065015,-0.0386093,2.7807465
2026-01-06,3.6609942506244004,3.724842,0.8149484,-0.0694056,0.0033095013,0.050852694,0.63211226,-0.51532596,0.06762059,-0.040156633,2.7808867
2026-01-07,3.7123518102990785,3.685709,0.7960408,-0.058448825,0.0027870438,0.04282479,0.5323233,-0.43397358,0.056945603,-0.03381727,2.781027
2026-01-08,3.7623622308737397,3.7277846,0.812777,-0.07200591,0.0034334932,0.052757915,0.6557946,-0.5346329,0.070154026,-0.04166112,2.7811673
2026-01-09,3.829727762701316,3.803346,0.8352893,-0.100470714,0.004790794,0.07361375,0.91503817,-0.74597967,0.097886756,-0.058130264,2.7813077
2026-01-12,3.8969093676180977,3.797423,0.8472338,-0.090631776,0.0043216394,0.06640487,0.8254299,-0.6729271,0.08830086,-0.052437656,2.7817285
2026-01-13,3.9318256327243257,3.8030815,0.8938394,-0.06852675,0.0032675946,0.05020877,0.62410814,-0.5088006,0.06676434,-0.03964815,2.7818687
2026-01-14,3.9982007016691985,3.7755146,0.93104774,-0.033602327,0.0016022762,0.024620043,0.30603358,-0.24949212,0.032738127,-0.019441606,2.7820091
2026-01-15,3.9259259105971376,3.7226114,0.95392823,0.007244749,-0.0003454549,-0.005308145,-0.065981634,0.053791154,-0.007058425,0.004191661,2.7821493
2026-01-16,3.933784497209659,3.707266,0.9852662,0.032435767,-0.0015466507,-0.023765318,-0.2954091,0.24083062,-0.031601567,0.01876666,2.7822895
2026-01-19,3.9512437185814275,3.8931901,1.0214204,-0.047913887,0.0022847012,0.03510596,0.43637624,-0.35575327,0.04668161,-0.027721973,2.7827106
2026-01-20,3.9740583963475986,3.8815508,1.0257577,-0.039243024,0.0018712444,0.028752917,0.3574063,-0.29137343,0.03823375,-0.022705195,2.7828507
2026-01-21,3.970291913552122,3.7565498,1.0979488,0.06692171,-0.0031910606,-0.049032778,-0.6094903,0.49688348,-0.06520059,0.03871951,2.782991
2026-01-22,3.9512437185814275,3.9473715,1.1399343,-0.013076466,0.00062353146,0.009580977,0.11909405,-0.09709075,0.012740158,-0.0075657703,2.7831314
2026-01-23,3.927896354584436,3.939444,1.1263431,-0.016048273,0.00076523767,0.011758387,0.14615983,-0.119155966,0.015635535,-0.009285196,2.7832716
2026-01-26,3.960813169597578,4.1193094,1.1943085,-0.07602405,0.0036250916,0.05570195,0.6923898,-0.5644669,0.07406882,-0.04398593,2.7836924
2026-01-27,3.9627161197436642,3.8875923,1.1242043,0.010999245,-0.0005244824,-0.008059022,-0.100175746,0.081667714,-0.01071636,0.006363934,2.7838328
2026-01-28,3.949318790171843,3.8775935,1.0858592,-0.004175573,0.0001991059,0.003059395,0.03802908,-0.03100299,0.0040681832,-0.0024158997,2.783973
2026-01-29,3.949318790171843,4.0438576,1.0517508,-0.11190009,0.005335787,0.08198793,1.0191313,-0.83084106,0.109022185,-0.064743064,2.7841134
2026-01-30,3.9871304779149512,3.9575918,0.97942686,-0.10432412,0.004974538,0.076437086,0.950133,-0.77459055,0.10164105,-0.060359757,2.7842536
2026-02-02,4.007333185232471,3.9984965,1.0511113,-0.08753821,0.0041741272,0.06413825,0.7972552,-0.64995784,0.085286856,-0.050647784,2.7846744
2026-02-03,3.9908341858524357,3.772922,1.0535464,0.035206296,-0.001678759,-0.025795255,-0.32064173,0.26140139,-0.03430084,0.02036963,2.7848148
2026-02-04,3.970291913552122,3.7928112,1.0281867,0.01093784,-0.0005215544,-0.008014031,-0.09961649,0.08121178,-0.010656534,0.006328406,2.784955
2026-02-05,3.9415818076696905,3.9144063,1.0713887,-0.031162106,0.0014859178,0.022832122,0.2838092,-0.23137385,0.03036066,-0.018029744,2.7850952
2026-02-06,3.9396381724611196,4.0042686,1.0653559,-0.082678095,0.00394238,0.060577303,0.7529916,-0.6138722,0.080551736,-0.047835823,2.7852356
2026-02-09,3.92395157629342,3.787395,1.0779136,0.040982235,-0.001954176,-0.030027216,-0.37324616,0.3042868,-0.03992823,0.023711467,2.7856565
2026-02-10,3.8522730010223722,3.6744595,1.0749974,0.100248,-0.0047801742,-0.07345057,-0.9130098,0.74432606,-0.097669765,0.058001406,2.7857966
2026-02-11,3.8815637979434374,3.6960511,1.0437757,0.071909696,-0.003428905,-0.052687418,-0.6549183,0.53391844,-0.07006028,0.041605454,2.785937
2026-02-12,3.8617817889913995,3.752787,1.0484854,0.043995127,-0.0020978411,-0.03223473,-0.4006861,0.32665706,-0.042863633,0.02545466,2.7860773
2026-02-13,3.8480176754522337,3.7439184,1.0532011,0.051379096,-0.0024499344,-0.037644878,-0.46793568,0.3814819,-0.050057698,0.029726872,2.7862177
2026-02-16,3.855657902010274,3.6862676,1.0500157,0.08090791,-0.0038579714,-0.059280306,-0.7368697,0.60072887,-0.078827076,0.046811633,2.7866385
2026-02-17,3.863298128568314,3.6573966,0.98600066,0.062075924,-0.0029599965,-0.045482323,-0.56535715,0.46090418,-0.06047942,0.035915833,2.7867787
2026-02-18,3.8709383551263543,3.7220824,0.9714606,0.019527912,-0.0009311589,-0.014307878,-0.17785066,0.14499176,-0.019025682,0.011298442,2.786919
2026-02-19,3.8785785816843945,3.9003108,0.98824364,-0.06725408,0.0032069092,0.0492763,0.6125173,-0.49935123,0.0655244,-0.03891181,2.7870593
2026-02-20,3.8862188082424347,3.6952925,0.92676514,0.0100457175,-0.00047901485,-0.007360383,-0.091491476,0.07458791,-0.0097873565,0.0058122426,2.7871995
2026-02-23,3.893859034800475,3.7910237,0.96872234,-0.018658388,0.00088969705,0.013670789,0.16993147,-0.13853568,0.01817852,-0.010795355,2.7876203
2026-02-24,3.886705197443856,3.7865734,0.95341694,-0.02442274,0.0011645615,0.017894262,0.22243036,-0.1813351,0.023794623,-0.014130488,2.7877607
2026-02-25,3.8815637979434374,3.846396,0.9610367,-0.052432425,0.0025001608,0.038416643,0.47752887,-0.38930273,0.05108394,-0.030336307,2.787901
2026-02-26,3.880532338336775,3.910676,1.026238,-0.051861458,0.0024729352,0.0379983,0.47232878,-0.38506335,0.050527655,-0.030005956,2.7880414
2026-02-27,3.8691155044168695,3.8008716,0.9853766,-0.01469461,0.00070069026,0.010766574,0.13383132,-0.10910522,0.014316686,-0.008501995,2.7881815
