ds,actual,garch_pred,ridge_pred,ensemble_pred,garch_error,ridge_error,ensemble_error
2024-08-23,0.01005876041784621,0.016808762557820073,0.020427818227040317,0.018618290392430195,0.006750002139973862,0.010369057809194107,0.008559529974583984
2024-08-26,0.010058760417846238,0.016245187891831873,0.01602852255811442,0.016136855224973146,0.006186427473985635,0.005969762140268181,0.006078094807126908
2024-08-27,0.007553539900909121,0.015761897454418014,0.018177344764131867,0.01696962110927494,0.008208357553508893,0.010623804863222746,0.00941608120836582
2024-08-28,0.0012533947744931152,0.015206796382321705,0.017748534704679256,0.01647766554350048,0.01395340160782859,0.016495139930186142,0.015224270769007365
2024-08-29,0.0029184927949132172,0.014602281402507394,0.018215010385671193,0.016408645894089295,0.011683788607594177,0.015296517590757976,0.013490153099176078
2024-08-30,0.0012481798999327374,0.014052412345774175,0.018539242771356587,0.01629582755856538,0.012804232445841437,0.01729106287142385,0.015047647658632642
2024-09-04,0.007043741573175952,0.013533218916801844,0.019879175004706928,0.016706196960754385,0.006489477343625892,0.012835433431530976,0.009662455387578433
2024-09-05,0.008291921473108723,0.013142430835476447,0.015117670276359074,0.014130050555917761,0.004850509362367724,0.006825748803250351,0.005838129082809038
2024-09-06,0.01405562618985872,0.012858871971069266,0.01924662815053621,0.01605275006080274,0.0011967542187894548,0.00519100196067749,0.0019971238709440182
2024-09-09,0.0012322860462650562,0.012831585739314316,0.017120241182702875,0.014975913461008596,0.011599299693049259,0.015887955136437818,0.01374362741474354
2024-09-10,0.01449000719606301,0.012411961377797731,0.011286310002679642,0.011849135690238686,0.002078045818265279,0.0032036971933833685,0.0026408715058243246
2024-09-11,0.0,0.01252461380421891,0.012663462844946904,0.012594038324582908,0.01252461380421891,0.012663462844946904,0.012594038324582908
2024-09-12,0.0016666670524692463,0.012123240573717243,0.012900533642076648,0.012511887107896944,0.010456573521247996,0.011233866589607401,0.010845220055427698
2024-09-13,0.002918492794913206,0.011756856602439103,0.011401737500275747,0.011579297051357424,0.008838363807525897,0.00848324470536254,0.008660804256444218
2024-09-16,0.007123432594288412,0.011445715960356402,0.00857148057025775,0.010008598265307075,0.004322283366067991,0.0014480479759693384,0.0028851656710186637
2024-09-17,0.008375258336732489,0.011275644659413681,0.01166623217927712,0.0114709384193454,0.002900386322681192,0.0032909738425446304,0.0030956800826129113
2024-09-18,0.021452967951313125,0.011131348771250814,0.0146649896948291,0.012898169233039956,0.010321619180062311,0.006787978256484025,0.008554798718273169
2024-09-19,0.008130126083250089,0.01190918435889881,0.016263854212601264,0.014086519285750037,0.003779058275648721,0.008133728129351175,0.005956393202499948
2024-09-20,0.0,0.011695192646829531,0.015613572103671688,0.01365438237525061,0.011695192646829531,0.015613572103671688,0.01365438237525061
2024-09-23,0.00243210496861244,0.011361515297541883,0.015060813071220702,0.013211164184381292,0.008929410328929443,0.012628708102608263,0.010779059215768853
2024-09-24,0.004050228299022738,0.011076766603962637,0.01601379667444991,0.013545281639206274,0.0070265383049398986,0.011963568375427171,0.009495053340183536
2024-09-25,0.001618123330410263,0.010826959856314532,0.014585238274102519,0.012706099065208525,0.00920883652590427,0.012967114943692256,0.011087975734798262
2024-09-26,0.011272261063500122,0.010578524412446631,0.017620350487867753,0.014099437450157192,0.000693736651053491,0.006348089424367631,0.00282717638665707
2024-09-27,0.016279891019155446,0.01064519295828373,0.021205852708103795,0.01592552283319376,0.005634698060871716,0.004925961688948349,0.0003543681859616843
2024-09-30,0.0011822661475619034,0.011041561760742119,0.02073586885775841,0.015888715309250265,0.009859295613180215,0.019553602710196506,0.014706449161688362
2024-10-01,0.012299302038151293,0.010769992295310048,0.013316551348938152,0.0120432718221241,0.0015293097428412446,0.0010172493107868594,0.0002560302160271935
2024-10-02,0.01407058389694233,0.01093657056552472,0.007619575831396622,0.009278073198460671,0.00313401333141761,0.006451008065545709,0.0047925106984816595
2024-10-03,0.005652013431346623,0.011202901763683756,0.010736872209634249,0.010969886986659003,0.005550888332337133,0.005084858778287626,0.005317873555312379
2024-10-04,0.016643371795628876,0.01097698273616996,0.0037304315628551854,0.007353707149512573,0.005666389059458916,0.01291294023277369,0.009289664646116302
2024-10-07,0.005714301263438635,0.011436697765947764,0.008518831805558208,0.009977764785752987,0.005722396502509129,0.0028045305421195727,0.004263463522314352
2024-10-08,0.0016293282626897699,0.011191213811205735,0.006313959399669666,0.0087525866054377,0.009561885548515964,0.004684631136979896,0.007123258342747929
2024-10-09,0.009736385230870203,0.010910998238267052,0.009386213483954825,0.010148605861110938,0.0011746130073968485,0.0003501717469153783,0.0004122206302407342
2024-10-10,0.001613554202441474,0.010862193544597108,0.008367777103334487,0.009614985323965798,0.009248639342155633,0.006754222900893013,0.008001431121524323
2024-10-11,0.0028174701672691593,0.010602120575555705,0.010139618494497765,0.010370869535026736,0.007784650408286546,0.007322148327228606,0.007553399367757577
2024-10-14,0.005642900906636853,0.010375994978267654,0.006218278328600044,0.008297136653433849,0.004733094071630801,0.0005753774219631911,0.0026542357467969962
2024-10-15,0.002825430739367876,0.010258035089839539,0.007783255552044066,0.009020645320941802,0.007432604350471663,0.00495782481267619,0.006195214581573925
2024-10-16,0.004022531570379467,0.010063375040856814,0.009427174517310843,0.009745274779083829,0.006040843470477347,0.0054046429469313765,0.005722743208704362
2024-10-17,0.006801386490630826,0.009906293871367003,0.012026569653387068,0.010966431762377035,0.0031049073807361766,0.005225183162756241,0.004165045271746209
2024-10-18,0.008006447893741256,0.009841065830832005,0.007365878969317577,0.00860347240007479,0.001834617937090749,0.0006405689244236793,0.000597024506333534
2024-10-21,0.021121825029282434,0.009874653546115688,0.0006015329104828437,0.005238093228299266,0.011247171483166746,0.02052029211879959,0.015883731800983167
2024-10-22,0.014055626189858832,0.010950483350606277,0.003881608225813432,0.007416045788209855,0.0031051428392525546,0.0101740179640454,0.006639580401648977
2024-10-23,0.0012481798999327374,0.01121392550471968,0.0019383324219481857,0.006576128963333933,0.009965745604786943,0.0006901525220154483,0.005327949063401196
2024-10-24,0.005420067469339145,0.010921643312621033,0.0042732887626835275,0.00759746603765228,0.005501575843281889,0.001146778706655617,0.002177398568313136
2024-10-25,0.007553539900909172,0.010743716916195073,0.0053261652570189555,0.008034941086607014,0.0031901770152859017,0.002227374643890216,0.0004814011856978419
2024-10-28,0.0029442713172494906,0.010660256807030019,0.0038054385108000632,0.007232847658915041,0.0077159854897805285,0.0008611671935505726,0.0042885763416655506
2024-10-29,0.007114489100596867,0.010430498849389002,0.0018965466067378117,0.006163522728063407,0.003316009748792135,0.005217942493859055,0.00095096637253346
2024-10-30,0.00543593226501791,0.01032293690781409,0.005107845236442435,0.007715391072128263,0.004887004642796181,0.0003280870285754748,0.002279458807110353
2024-10-31,0.026888900216331,0.01020349019991801,0.006172984591110195,0.008188237395514102,0.016685410016412987,0.020715915625220804,0.018700662820816897
2024-11-01,0.002861232281032235,0.011764393176801021,0.0021889921451143657,0.006976692660957694,0.008903160895768786,0.0006722401359178691,0.004115460379925459
2024-11-04,0.002861232281032195,0.011451673278797645,0.004557930550527764,0.008004801914662706,0.008590440997765451,0.001696698269495569,0.005143569633630511
2024-11-05,0.018538120998911112,0.011151547676475427,0.00297309309534953,0.007062320385912479,0.0073865733224356845,0.015565027903561582,0.011475800612998632
2024-11-06,0.024236142113548898,0.011748297003865055,0.00783777074130286,0.009793033872583958,0.012487845109683843,0.016398371372246038,0.01444310824096494
2024-11-07,0.008559253395669948,0.012698891866700887,0.001769994604195857,0.007234443235448372,0.004139638471030939,0.0067892587914740905,0.0013248101602215756
2024-11-08,0.016925068617811585,0.012466250541316101,0.00010179624124859177,0.0062840233912823465,0.004458818076495483,0.016823272376562993,0.010641045226529238
2024-11-11,0.001666667052469229,0.012744654495469155,0.0017085336648228061,0.00722659408014598,0.011077987442999926,4.186661235357713e-05,0.005559927027676752
2024-11-12,0.01258933958356332,0.012335742034810908,0.0035817474953373923,0.00795874476507415,0.0002535975487524128,0.009007592088225928,0.004630594818489171
2024-11-13,0.004656093067765202,0.012338549499291368,0.004662368027198688,0.008500458763245029,0.007682456431526165,6.274959433485473e-06,0.0038443656954798263
2024-11-14,0.02187520210712684,0.012012870085012704,0.008501692849621711,0.010257281467317208,0.009862332022114135,0.013373509257505127,0.011617920639809631
2024-11-15,0.01485392098796235,0.012783540559932303,0.010120767610406395,0.01145215408516935,0.0020703804280300473,0.004733153377555956,0.0034017669027930006
2024-11-18,0.0057055234872631115,0.012876825555474413,0.007970973637867737,0.010423899596671074,0.007171302068211301,0.0022654501506046256,0.0047183761094079625
2024-11-19,0.0017490166242615523,0.012506759991348508,0.008316907256679343,0.010411833624013926,0.010757743367086955,0.006567890632417791,0.008662816999752373
2024-11-20,0.01903995206886311,0.01210976651919324,0.0020267534043762053,0.0070682599617847225,0.006930185549669869,0.017013198664486903,0.011971692107078387
2024-11-21,0.02914673061849892,0.012522782769979729,0.004409635338080711,0.00846620905403022,0.016623947848519192,0.02473709528041821,0.0206805215644687
2024-11-22,0.0,0.013863465647222063,0.001813530864024443,0.007838498255623253,0.013863465647222063,0.001813530864024443,0.007838498255623253
2024-11-25,0.00290999997494259,0.0133579349867229,0.003136718089804799,0.00824732653826385,0.01044793501178031,0.00022671811486220904,0.005337326563321259
2024-11-26,0.005381921498166071,0.012902916240687234,0.004356618197235498,0.008629767218961366,0.007520994742521163,0.001025303300930573,0.003247845720795295
2024-11-27,0.004137366265961394,0.012523498257122071,0.003207381428443748,0.00786543984278291,0.008386131991160676,0.0009299848375176464,0.003728073576821515
2024-11-28,0.007023371155096266,0.012170586132456347,0.00668006282300454,0.009425324477730444,0.005147214977360081,0.00034330833209172615,0.002401953322634178
2024-11-29,0.009832115256316883,0.011896169215631096,0.009762819661162242,0.010829494438396668,0.002064053959314213,6.929559515464132e-05,0.000997379182079785
2024-12-02,0.0028495846679191337,0.011751346005868196,0.010164822398636766,0.010958084202252482,0.008901761337949062,0.007315237730717633,0.008108499534333348
2024-12-03,0.001624695727001983,0.011425672169872048,0.010730322610297313,0.01107799739008468,0.009800976442870065,0.00910562688329533,0.009453301663082697
2024-12-04,0.017192400540372875,0.011117104272694477,0.004058472579780731,0.007587788426237604,0.006075296267678398,0.013133927960592144,0.009604612114135271
2024-12-05,0.030896766572485423,0.011602188630120115,0.013324710944936605,0.01246344978752836,0.019294577942365308,0.017572055627548818,0.018433316784957063
2024-12-06,0.004011236826452951,0.013346160157168767,0.009271846514484136,0.011309003335826451,0.009334923330715816,0.005260609688031185,0.007297766509373501
2024-12-09,0.005211477018549132,0.012923282550121469,0.013025045870664498,0.012974164210392984,0.007711805531572337,0.007813568852115366,0.007762687191843852
2024-12-10,0.00280280463763726,0.012538590051741504,0.010853527126647916,0.01169605858919471,0.009735785414104244,0.008050722489010656,0.00889325395155745
2024-12-11,0.0,0.012160366125184554,0.01164261080504117,0.011901488465112863,0.012160366125184554,0.01164261080504117,0.011901488465112863
2024-12-12,0.0012036109778014294,0.011788383766764424,0.010036701757293778,0.0109125427620291,0.010584772788962995,0.00883309077949235,0.009708931784227671
2024-12-13,0.001203610977801301,0.011453376748321167,0.012199618483799315,0.011826497616060241,0.010249765770519866,0.010996007505998015,0.01062288663825894
2024-12-16,0.002408672380911767,0.011140564376684266,0.010754726664807687,0.010947645520745976,0.008731891995772498,0.00834605428389592,0.008538973139834208
2024-12-17,0.0,0.010874727963046291,0.011191331992347328,0.011033029977696809,0.010874727963046291,0.011191331992347328,0.011033029977696809
2024-12-18,0.0,0.010611019254885154,0.010838801762345404,0.010724910508615279,0.010611019254885154,0.010838801762345404,0.010724910508615279
2024-12-19,0.0016090108057006626,0.010370541011083185,0.00956661196481283,0.009968576487948008,0.008761530205382524,0.007957601159112166,0.008359565682247345
2024-12-20,0.0012084593615683834,0.010163041955714686,0.009172014394070699,0.009667528174892692,0.008954582594146302,0.007963555032502316,0.008459068813324309
2024-12-23,0.0028174701672691593,0.009970388292976484,0.010653673039628955,0.01031203066630272,0.007152918125707324,0.007836202872359796,0.00749456049903356
2024-12-24,0.0016090108057006626,0.009802444846200586,0.009167135120785222,0.009484789983492904,0.008193434040499922,0.007558124315084559,0.007875779177792242
2024-12-25,0.05368576027003698,0.009647901665008424,0.02331364287216474,0.01648077226858658,0.044037858605028554,0.03037211739787224,0.0372049880014504
2024-12-26,0.0,0.015692430216157353,0.02075067579342188,0.018221553004789615,0.015692430216157353,0.02075067579342188,0.018221553004789615
2024-12-27,0.015897382490525833,0.0150523230419842,0.025083797328889476,0.020068060185436838,0.0008450594485416331,0.009186414838363643,0.004170677694911005
2024-12-30,0.0026251655803630437,0.014903367221253367,0.02372909607180783,0.019316231646530596,0.012278201640890322,0.021103930491444784,0.01669106606616755
2024-12-31,0.028877386517905956,0.014328570308372706,0.010087619303311174,0.012208094805841941,0.01454881620953325,0.018789767214594782,0.016669291712064015
2025-01-02,0.008063011622633938,0.015418899535415562,0.014386688939421272,0.014902794237418417,0.007355887912781625,0.006323677316787334,0.006839782614784479
2025-01-03,0.023994959257539392,0.014904141865038426,0.005782007124155011,0.010343074494596718,0.009090817392500967,0.01821295213338438,0.013651884762942674
2025-01-06,0.0,0.015433946197504553,0.008907802571900172,0.012170874384702362,0.015433946197504553,0.008907802571900172,0.012170874384702362
2025-01-07,0.006636760647781655,0.014812416455983322,0.01022242670824787,0.012517421582115596,0.008175655808201667,0.003585666060466215,0.005880660934333941
2025-01-08,0.009295186987123677,0.014308334811140301,0.012969224889875952,0.013638779850508126,0.005013147824016625,0.0036740379027522755,0.004343592863384449
2025-01-09,0.010852819700807554,0.013922858203002555,0.006583416638382689,0.010253137420692622,0.0030700385021950015,0.004269403062424865,0.0005996822801149319
2025-01-10,0.0027242671061624276,0.013675116945932018,0.008620715018668415,0.011147915982300216,0.01095084983976959,0.005896447912505987,0.00842364887613779
2025-01-13,0.005426369904284965,0.013193688473845238,0.008111199466461633,0.010652443970153434,0.007767318569560273,0.0026848295621766678,0.005226074065868469
2025-01-14,0.019910866628912633,0.01279137933213588,0.0016858531770909818,0.007238616254613431,0.007119487296776753,0.01822501345182165,0.012672250374299202
2025-01-15,0.005535799032251752,0.013265573198028811,0.0019440161162149472,0.007604794657121879,0.00772977416577706,0.0035917829160368045,0.0020689956248701276
2025-01-16,0.0011888251845953283,0.012883697602520389,0.0022044781923358098,0.007544087897428099,0.011694872417925061,0.0010156530077404815,0.006355262712832771
2025-01-17,0.011028075532023637,0.012454297700303462,0.005784397236120134,0.009119347468211799,0.0014262221682798254,0.005243678295903503,0.001908728063811838
2025-01-20,0.002738120232124411,0.01230882142663027,0.005804960168632564,0.009056890797631417,0.00957070119450586,0.003066839936508153,0.006318770565507006
2025-01-21,0.0,0.011935752140895624,0.005878956522441192,0.008907354331668407,0.011935752140895624,0.005878956522441192,0.008907354331668407
2025-01-22,0.0,0.011582152821192971,0.005132026396208869,0.008357089608700921,0.011582152821192971,0.005132026396208869,0.008357089608700921
2025-01-23,0.0212568390254149,0.011257924368478757,0.01136875422657617,0.011313339297527463,0.009998914656936142,0.00988808479883873,0.009943499727887436
2025-01-24,0.0026804534524797244,0.011995871219381964,0.008662519834182342,0.010329195526782152,0.009315417766902239,0.005982066381702617,0.007648742074302427
2025-02-03,0.0011496456525854066,0.011660756835259592,0.010307604982382992,0.010984180908821292,0.010511111182674185,0.009157959329797585,0.009834535256235885
2025-02-04,0.03499886846372595,0.011330346378973542,0.018357960438493637,0.01484415340873359,0.023668522084752407,0.016640908025232312,0.02015471505499236
2025-02-05,0.0014803851704342195,0.013684253038522979,0.015550994310885205,0.014617623674704091,0.012203867868088759,0.014070609140450985,0.013137238504269871
2025-02-06,0.004065797506245128,0.013200054659046005,0.01799550274636659,0.015597778702706297,0.009134257152800876,0.013929705240121461,0.01153198119646117
2025-02-07,0.03230184666462989,0.01277231333277417,0.02264242544328797,0.01770736938803107,0.019529533331855718,0.009659421221341918,0.014594477276598818
2025-02-10,0.012217183938591752,0.014434024447409637,0.015406986869325762,0.0149205056583677,0.002216840508817885,0.0031898029307340092,0.002703321719775947
2025-02-11,0.00971405372047329,0.014203167606247912,0.019828068260237655,0.017015617933242785,0.0044891138857746215,0.010114014539764364,0.007301564212769495
2025-02-12,0.005025136202673043,0.013841673912956072,0.01791536007623548,0.015878516994595776,0.00881653771028303,0.012890223873562439,0.010853380791922733
2025-02-13,0.00859912142228464,0.013400381846355544,0.02061928375626715,0.017009832801311346,0.004801260424070903,0.012020162333982507,0.008410711379026705
2025-02-14,0.007160789638897587,0.013068805172742155,0.016111600509191096,0.014590202840966626,0.005908015533844568,0.00895081087029351,0.00742941320206904
2025-02-17,0.01011203993887587,0.012751643387737007,0.014293530128608511,0.01352258675817276,0.0026396034488611383,0.004181490189732642,0.003410546819296891
2025-02-18,0.003984790637688701,0.01258131666286752,0.015136694318309288,0.013859005490588404,0.00859652602517882,0.011151903680620587,0.009874214852899703
2025-02-19,0.00468891751780019,0.012202260912768215,0.01604463190665141,0.014123446409709813,0.007513343394968025,0.011355714388851221,0.009434528891909624
2025-02-20,0.00859912142228464,0.011867066815430616,0.01795595786509363,0.014911512340262122,0.0032679453931459754,0.00935683644280899,0.0063123909179774815
2025-02-21,0.01592672136707819,0.011674445991457472,0.020431016853244485,0.016052731422350978,0.004252275375620717,0.004504295486166297,0.00012601005527278913
2025-02-24,0.009435680699584335,0.011906522188440169,0.02104375810649066,0.016475140147465414,0.002470841488855834,0.011608077406906324,0.007039459447881079
2025-02-25,0.0010440230633360385,0.011743682610187689,0.019846788855463315,0.015795235732825503,0.010699659546851651,0.018802765792127276,0.014751212669489464
2025-02-26,0.011909072448126877,0.011411153352545311,0.0140813146623813,0.012746234007463306,0.0004979190955815664,0.002172242214254423,0.0008371615593364291
2025-02-27,0.003517414811878383,0.011477370023254897,0.016384573561983445,0.013930971792619172,0.007959955211376515,0.012867158750105061,0.010413556980740788
2025-02-28,0.0,0.01118374610662969,0.016182883120218067,0.01368331461342388,0.01118374610662969,0.016182883120218067,0.01368331461342388
2025-03-03,0.005986987419966889,0.010893294309756794,0.013908414903049351,0.012400854606403073,0.004906306889789905,0.007921427483082461,0.0064138671864361835
2025-03-04,0.008441836978211058,0.010736163589903685,0.01729280140840543,0.014014482499154558,0.0022943266116926264,0.008850964430194373,0.0055726455209434995
2025-03-05,0.009855764396520243,0.010648485917759111,0.01127358798507011,0.01096103695141461,0.0007927215212388677,0.0014178235885498672,0.0011052725548943675
2025-03-06,0.010906000796222434,0.010684903059288453,0.01530874029010136,0.012996821674694906,0.0002210977369339808,0.004402739493878927,0.002090820878472472
2025-03-07,0.01803100167572562,0.010719445858619137,0.017683319731947075,0.014201382795283105,0.007311555817106482,0.0003476819437785439,0.003829618880442514
2025-03-10,0.0010303967938964016,0.011249322876966636,0.017195878872427475,0.014222600874697056,0.010218926083070234,0.016165482078531072,0.013192204080800655
2025-03-11,0.0034270081518113543,0.010953315012136087,0.018405256851374466,0.014679285931755277,0.007526306860324733,0.014978248699563112,0.011252277779943923
2025-03-12,0.001367521580639804,0.010704143905186357,0.01834996220132319,0.014527053053254774,0.009336622324546554,0.016982440620683388,0.01315953147261497
2025-03-13,0.008233322667255863,0.010456712235124009,0.013540898743919297,0.011998805489521654,0.002223389567868146,0.005307576076663434,0.0037654828222657907
2025-03-14,0.0,0.010433254197614894,0.01489666978663469,0.012664961992124791,0.010433254197614894,0.01489666978663469,0.012664961992124791
2025-03-17,0.006865801086615921,0.010208662045561069,0.01776904462309785,0.013988853334329459,0.0033428609589451477,0.010903243536481928,0.0071230522477135376
2025-03-18,0.0141259885517785,0.01011473021905929,0.009652508115922456,0.009883619167490873,0.00401125833271921,0.004473480435856044,0.004242369384287627
2025-03-19,0.010814687646795357,0.01049703651285375,0.0060264017047489266,0.008261719108801338,0.00031765113394160646,0.00478828594204643,0.0025529685379940183
2025-03-20,0.0014020331774386146,0.010604841349918315,0.006891276134627408,0.00874805874227286,0.0092028081724797,0.005489242957188794,0.007346025564834246
2025-03-21,0.001050236399702001,0.010366379959464943,0.006808297086082063,0.008587338522773503,0.009316143559762943,0.005758060686380062,0.007537102123071502
2025-03-24,0.0034928432296983903,0.010147931904128887,0.008315232286319987,0.009231582095224438,0.006655088674430497,0.004822389056621597,0.005738738865526048
2025-03-25,0.012129762305118932,0.009973280796073186,0.01304356974648134,0.011508425271277264,0.0021564815090457466,0.0009138074413624075,0.0006213370338416686
2025-03-26,0.013176334875790093,0.010163808539535163,0.004726419687525213,0.007445114113530188,0.00301252633625493,0.00844991518826488,0.005731220762259905
2025-03-27,0.003496507058729314,0.010468533853328913,0.0046464900587619845,0.007557511956045449,0.006972026794599599,0.0011499830000326703,0.004061004897316135
2025-03-28,0.005972264370122663,0.010283134345364537,0.0015409099406620275,0.005912022143013282,0.0043108699752418735,0.004431354429460636,6.024222710938106e-05
2025-03-31,0.0021119332031435513,0.010185695250407118,0.003201207094716302,0.00669345117256171,0.008073762047263566,0.0010892738915727505,0.004581517969418159
2025-04-01,0.00979713924498326,0.009989987161963872,0.007225143608625709,0.00860756538529479,0.00019284791698061243,0.0025719956363575505,0.001189573859688469
2025-04-02,0.0024343604440611446,0.010045248493809122,0.008021973017854775,0.009033610755831948,0.007610888049747977,0.00558761257379363,0.006599250311770804
2025-04-03,0.0716262171072734,0.009865724812106512,0.014693711634419515,0.012279718223263014,0.06176049229516689,0.05693250547285389,0.05934649888401039
2025-04-04,0.008995562908577986,0.019521561556595377,0.009400573726483938,0.014461067641539658,0.010525998648017391,0.0004050108179059521,0.005465504732961672
2025-04-08,0.07260308097430157,0.01875139255685848,0.01901366678924401,0.018882529673051245,0.05385168841744309,0.05358941418505756,0.05372055130125032
2025-04-09,0.06265096496166726,0.024806500331148267,0.01469479846457733,0.0197506493978628,0.03784446463051899,0.04795616649708993,0.04290031556380446
2025-04-10,0.06709451903144538,0.027845790627354237,0.0028386098407324617,0.01534220023404335,0.039248728404091146,0.06425590919071292,0.05175231879740203
2025-04-11,0.060221477283661735,0.030699969064184138,0.0026834617362571644,0.01669171540022065,0.029521508219477598,0.05753801554740457,0.043529761883441084
2025-04-14,0.0026600813709615964,0.032301399657535236,0.0023082223445102107,0.017304811001022723,0.02964131828657364,0.0003518590264513857,0.014644729630061127
2025-04-15,0.014179199042391228,0.030609823538914217,0.0035219798215970904,0.017065901680255652,0.016430624496522987,0.010657219220794137,0.002886702637864424
2025-04-16,0.014774763320626102,0.029215422312475304,0.007252626396934456,0.018234024354704878,0.014440658991849202,0.007522136923691646,0.003459261034078776
2025-04-17,0.0011743982559414398,0.02793276024239276,0.008656955648779732,0.018294857945586246,0.02675836198645132,0.007482557392838292,0.017120459689644808
2025-04-18,0.0054623623918400276,0.026497235893733526,0.004742674925232768,0.015619955409483147,0.021034873501893498,0.0007196874666072599,0.010157593017643119
2025-04-21,0.00546236239184004,0.025176475445996892,0.0033183313690738347,0.014247403407535364,0.01971411305415685,0.002144031022766205,0.008785041015695324
2025-04-22,0.0039200363800735395,0.023951766259550894,0.0037789543918987784,0.013865360325724836,0.020031729879477354,0.00014108198817476113,0.009945323945651296
2025-04-23,0.0054837583562562875,0.02278645594321305,0.002277459574372906,0.012531957758792978,0.017302697586956763,0.0032062987818833816,0.00704819940253669
2025-04-24,0.002341007701973445,0.021702751188218357,0.002938707499207008,0.012320729343712682,0.019361743486244913,0.0005976997972335627,0.009979721641739237
2025-04-25,0.0066471407994663475,0.020661386161744476,0.0038305622066519968,0.012245974184198236,0.01401424536227813,0.0028165785928143507,0.005598833384731889
2025-04-28,0.00787715770615025,0.019754574109001537,0.004338446363259085,0.012046510236130311,0.011877416402851287,0.003538711342891165,0.004169352529980061
2025-04-29,0.009445170571518648,0.01893834136067943,0.0018350809835106785,0.010386711172095055,0.009493170789160784,0.007610089588007969,0.0009415406005764074
2025-05-05,0.003909309122587205,0.018195356117699416,0.0019039322548896342,0.010049644186294525,0.014286046995112212,0.0020053768676975706,0.00614033506370732
2025-05-06,0.0066109515515921525,0.01739913918590499,0.00028993517505998545,0.008844537180482488,0.010788187634312838,0.006321016376532167,0.0022335856288903354
2025-05-07,0.003883500026397633,0.01670061021757812,0.001776041507019474,0.009238325862298797,0.012817110191180488,0.002107458519378159,0.005354825835901164
2025-05-08,0.0027200327630995708,0.016021962448308984,0.0007124989633306295,0.008367230705819807,0.013301929685209414,0.0020075337997689413,0.005647197942720237
2025-05-09,0.0027200327630996267,0.015366716207024553,0.00202422416490447,0.008695470185964511,0.012646683443924927,0.0006958085981951566,0.005975437422864885
2025-05-12,0.010451033773482925,0.014769002875029243,0.001872485741955754,0.008320744308492499,0.004317969101546318,0.008578548031527172,0.002130289464990427
2025-05-13,0.04037522550010621,0.014386440102169442,0.009876586023170097,0.012131513062669769,0.025988785397936767,0.03049863947693611,0.02824371243743644
2025-05-14,0.00516415754823431,0.01671264737152047,0.008793283470267574,0.012752965420894023,0.01154848982328616,0.0036291259220332635,0.007588807872659712
2025-05-15,0.00367242425226379,0.016037369368370333,0.01030854717958575,0.013172958273978042,0.012364945116106543,0.00663612292732196,0.009500534021714252
2025-05-16,0.019245597715233632,0.015390217856434858,0.004190010999362642,0.00979011442789875,0.003855379858798774,0.01505558671587099,0.009455483287334882
2025-05-19,0.002612429177504985,0.015482929668941915,0.006831757190223137,0.011157343429582526,0.01287050049143693,0.004219328012718152,0.00854491425207754
2025-05-20,0.010381999073041494,0.01486564843963441,0.009041392964471165,0.011953520702052786,0.004483649366592915,0.0013406061085703292,0.001571521629011292
2025-05-21,0.0014765598843642746,0.014472200863631752,0.009975938397949288,0.012224069630790521,0.012995640979267477,0.008499378513585013,0.010747509746426246
2025-05-22,0.015261788875647263,0.013928290992400035,0.005962781365458858,0.009945536178929446,0.0013334978832472283,0.009299007510188405,0.005316252696717818
2025-05-23,0.0011259149247217393,0.013919181301040895,0.007252316147887045,0.01058574872446397,0.012793266376319156,0.006126401223165306,0.009459833799742232
2025-05-26,0.01157377115637711,0.013414377397276814,0.00859580196462792,0.011005089680952367,0.0018406062408997045,0.00297796919174919,0.0005686814754247427
2025-05-27,0.00886923774077957,0.013201291610090234,0.010010984323770025,0.011606137966930129,0.004332053869310664,0.0011417465829904553,0.002736900226150559
2025-05-28,0.0014727543162745406,0.012896619282131034,0.009756839341435161,0.011326729311783097,0.011423864965856493,0.00828408502516062,0.009853974995508556
2025-05-29,0.016345089000519248,0.012473815408936747,0.004320381676331392,0.008397098542634068,0.0038712735915825015,0.012024707324187856,0.00794799045788518
2025-05-30,0.015855371789793963,0.012708146146470155,0.0005499717997186626,0.006629058973094409,0.0031472256433238074,0.0153053999900753,0.009226312816699554
2025-06-02,0.0026600813709616667,0.012878440129237393,0.002386841325805897,0.007632640727521645,0.010218358758275727,0.00027324004515576986,0.004972559356559978
2025-06-03,0.004165883699438271,0.012458713272431029,0.003820841681697759,0.008139777477064394,0.008292829572992759,0.0003450420177405116,0.003973893777626123
2025-06-04,0.0015128595926303177,0.012092671099353032,0.0035879561801398785,0.007840313639746455,0.010579811506722714,0.0020750965875095608,0.006327454047116137
2025-06-05,0.0015128595926304088,0.011735181663399681,0.0041625126759512465,0.007948847169675463,0.010222322070769273,0.0026496530833208377,0.006435987577045055
2025-06-06,0.009493141351494688,0.011400021493266682,0.00010613501388942459,0.0057530782535780535,0.0019068801417719949,0.009387006337605263,0.003740063097916634
2025-06-09,0.004972280276862853,0.011336475804783164,0.001168461287533909,0.0062524685461585365,0.006364195527920311,0.003803818989328944,0.0012801882692956837
2025-06-10,0.00422671138379513,0.01110711995458284,0.0027661433006950786,0.006936631627638959,0.00688040857078771,0.0014605680831000518,0.002709920243843829
2025-06-11,0.0042267113837950905,0.010879527536866971,0.0004023103673925915,0.005640918952129781,0.0066528161530718805,0.003824401016402499,0.0014142075683346907
2025-06-12,0.012952562035727146,0.010650698455983766,0.004017622221990327,0.007334160338987047,0.0023018635797433795,0.008934939813736819,0.005618401696740099
2025-06-13,0.0356915207661235,0.010809142410875576,0.011857138443185852,0.011333140427030715,0.024882378355247925,0.02383438232293765,0.024358380339092787
2025-06-16,0.010174506376309407,0.01340323876408819,0.012984351936687122,0.013193795350387656,0.003228732387778783,0.0028098455603777148,0.003019288974078249
2025-06-17,0.0010840109462583103,0.013130363878961531,0.013188990209506729,0.01315967704423413,0.01204635293270322,0.012104979263248418,0.01207566609797582
2025-06-18,0.005068801583946983,0.012681341957292426,0.01105015562098001,0.011865748789136217,0.007612540373345443,0.005981354037033026,0.006796947205189234
2025-06-19,0.013698844358161927,0.012336576000017616,0.014991224258128627,0.013663900129073122,0.001362268358144311,0.0012923798999666999,3.494422908880551e-05
2025-06-20,0.01457285430544907,0.01234521350577961,0.017166267631026286,0.014755740568402948,0.0022276407996694603,0.0025934133255772155,0.00018288626295387758
2025-06-23,0.0014104374693621117,0.012406015975558793,0.019346955066997046,0.01587648552127792,0.01099557850619668,0.017936517597634934,0.014466048051915807
2025-06-24,0.004570231192684113,0.012015458522117222,0.020505275422156036,0.01626036697213663,0.00744522732943311,0.015935044229471923,0.011690135779452517
2025-06-25,0.0038508712037242133,0.011693785958972034,0.021202732549253728,0.01644825925411288,0.00784291475524782,0.017351861345529514,0.012597388050388666
2025-06-26,0.004531993115054584,0.011386780589228495,0.022003438074826326,0.016695109332027412,0.006854787474173911,0.017471444959771744,0.012163116216972828
2025-06-27,0.0013903373807249428,0.01111872077868134,0.022978823430758757,0.01704877210472005,0.009728383397956397,0.021588486050033814,0.015658434723995106
2025-06-30,0.001390337380725066,0.010835206566379858,0.022635585937973837,0.01673539625217685,0.009444869185654792,0.021245248557248773,0.015345058871451782
2025-07-01,0.0,0.010583655213220806,0.02310836381459827,0.01684600951390954,0.010583655213220806,0.02310836381459827,0.01684600951390954
2025-07-02,0.0,0.010345610191224534,0.023273420203399717,0.016809515197312126,0.010345610191224534,0.023273420203399717,0.016809515197312126
2025-07-03,0.01416013989709789,0.01012892074107075,0.026314700493337798,0.018221810617204272,0.00403121915602714,0.012154560596239908,0.004061670720106382
2025-07-04,0.004789608882564293,0.010436575155282941,0.026927359988677582,0.018681967571980262,0.005646966272718648,0.02213775110611329,0.01389235868941597
2025-07-07,0.03915507697459605,0.010260503766689086,0.032285816215161606,0.021273159990925345,0.028894573207906962,0.006869260759434441,0.0178819169836707
2025-07-08,0.0,0.01354501427500677,0.02953790562659231,0.02154145995079954,0.01354501427500677,0.02953790562659231,0.02154145995079954
2025-07-09,0.013366132158957775,0.013063759796703113,0.03220765158791891,0.022635705692311013,0.00030237236225466244,0.01884151942896114,0.009269573533353238
2025-07-10,0.0,0.012975907833604161,0.030849426291395768,0.021912667062499964,0.012975907833604161,0.030849426291395768,0.021912667062499964
2025-07-11,0.008781972199254315,0.012538786022183099,0.026785845027466615,0.019662315524824857,0.0037568138229287836,0.0180038728282123,0.010880343325570542
2025-07-14,0.006884144545145208,0.012330234327697418,0.022858652409805544,0.017594443368751482,0.005446089782552211,0.015974507864660335,0.010710298823606273
2025-07-15,0.003294895896852538,0.012069362188862665,0.023488332464683098,0.01777884732677288,0.008774466292010128,0.02019343656783056,0.014483951429920342
2025-07-16,0.017989037836073304,0.011738186694945797,0.027401146209085833,0.019569666452015813,0.006250851141127507,0.00941210837301253,0.0015806286159425094
2025-07-17,0.0009719748051784788,0.012117743625691138,0.026487475596063792,0.019302609610877465,0.01114576882051266,0.025515500790885312,0.018330634805698985
2025-07-18,0.0012944985626457955,0.01174914996153569,0.027235219229623825,0.01949218459557976,0.010454651398889894,0.02594072066697803,0.018197686032933962
2025-07-21,0.003228934029171373,0.011411876864628915,0.027286525916195722,0.019349201390412317,0.008182942835457542,0.02405759188702435,0.016120267361240944
2025-07-22,0.008666399932397923,0.011119796438239207,0.02887054153797751,0.01999516898810836,0.002453396505841284,0.02020414160557959,0.011328769055710437
2025-07-23,0.0012775472833096134,0.011002563812720313,0.027982240012046466,0.01949240191238339,0.009725016529410699,0.026704692728736854,0.018214854629073778
2025-07-24,0.0009570905181067318,0.010728614633546994,0.029354201518921944,0.020041408076234467,0.009771524115440262,0.02839711100081521,0.019084317558127735
2025-07-25,0.002234637801416377,0.010477598690035105,0.027353444516938497,0.0189155216034868,0.008242960888618728,0.02511880671552212,0.016680883802070424
2025-07-28,0.0,0.010268522080349297,0.027139178198504227,0.018703850139426763,0.010268522080349297,0.027139178198504227,0.018703850139426763
2025-07-29,0.04010317335596238,0.010058823114270865,0.0034066268715193526,0.006732724992895109,0.03004435024169151,0.036696546484443024,0.03337044836306727
2025-07-30,0.053121296558406604,0.013725086401986875,0.020413386663917177,0.017069236532952024,0.039396210156419725,0.03270790989448943,0.03605206002545458
2025-07-31,0.006329135051647512,0.018105756423520608,0.012140044892370638,0.015122900657945623,0.011776621371873096,0.005810909840723126,0.008793765606298111
2025-08-01,0.03554493741941147,0.017371556655075525,0.004949863212306796,0.01116070993369116,0.018173380764335945,0.030595074207104674,0.02438422748572031
2025-08-04,0.030133496551924373,0.018647292764467017,0.013548864764082055,0.016098078764274534,0.011486203787457357,0.016584631787842318,0.01403541778764984
2025-08-05,0.01834333532605193,0.019114621105784914,0.012021879975091743,0.015568250540438328,0.0007712857797329831,0.006321455350960188,0.0027750847856136025
2025-08-06,0.0213928480825099,0.01871352246923121,0.015458545173940824,0.017086033821586015,0.0026793256132786915,0.0059343029085690766,0.004306814260923886
2025-08-07,0.007334996211565471,0.01852572251558702,0.017058572568796948,0.017792147542191983,0.011190726304021549,0.009723576357231478,0.010457151330626514
2025-08-08,0.0033551960711385256,0.01776142950521124,0.015596251396573821,0.016678840450892532,0.014406233434072714,0.012241055325435296,0.013323644379754007
2025-08-11,0.003979800140427063,0.017000531022651363,0.01335772702674344,0.015179129024697402,0.0130207308822243,0.009377926886316378,0.011199328884270339
2025-08-12,0.010375436376832246,0.016301883800869773,0.016537187573492068,0.016419535687180922,0.005926447424037527,0.006161751196659822,0.006044099310348676
2025-08-13,0.032848578955679206,0.01578924131346994,0.02075481012792911,0.018272025720699525,0.017059337642209266,0.012093768827750095,0.01457655323497968
2025-08-14,0.011972693754494303,0.016941371884068912,0.02087703674666322,0.018909204315366065,0.004968678129574609,0.008904342992168916,0.006936510560871762
2025-08-15,0.024090471707489354,0.01643509461827054,0.013884354481018268,0.015159724549644404,0.007655377089218814,0.010206117226471086,0.00893074715784495
2025-08-18,0.010461909799170471,0.01676875535500454,0.013391811033079737,0.015080283194042138,0.006306845555834068,0.0029299012339092656,0.004618373394871667
2025-08-19,0.022579687752165407,0.016257580589417574,0.017175601970624094,0.016716591280020836,0.006322107162747833,0.005404085781541314,0.005863096472144572
2025-08-20,0.019779586086976032,0.016417473318352114,0.01828214221040253,0.01734980776437732,0.0033621127686239184,0.0014974438765735024,0.002429778322598712
2025-08-21,0.02362426645710045,0.01636446173735261,0.021808365886646863,0.019086413811999735,0.007259804719747839,0.001815900570453586,0.004537852645100714
2025-08-22,0.017594097430509163,0.016590476306626578,0.014607162083550562,0.01559881919508857,0.0010036211238825844,0.0029869353469586003,0.0019952782354205924
2025-08-25,0.03614500140027912,0.016445474179730857,0.008542072938807196,0.012493773559269027,0.01969952722054826,0.027602928461471922,0.023651227841010092
2025-08-26,0.042139025340489696,0.017951065388923368,0.016902688951146036,0.017426877170034702,0.024187959951566328,0.02523633638934366,0.024712148170454994
2025-08-27,0.0019940186068643953,0.01974580424744624,0.011995195698546054,0.015870499972996145,0.017751785640581844,0.010001177091681659,0.01387648136613175
2025-08-28,0.009648201971725568,0.018836656623528878,0.01765392125915205,0.018245288941340462,0.00918845465180331,0.008005719287426482,0.008597086969614894
2025-08-29,0.005948183519760761,0.018106713050789616,0.015033754843925731,0.016570233947357675,0.012158529531028854,0.00908557132416497,0.010622050427596914
2025-09-03,0.013730192811902131,0.017364402952533584,0.012353964846419416,0.0148591838994765,0.0036342101406314532,0.0013762279654827153,0.001128991087574369
2025-09-04,0.008032171697264253,0.01693989017451828,0.012908741680595262,0.014924315927556771,0.008907718477254028,0.004876569983331009,0.006892144230292519
2025-09-05,0.013809195274186448,0.016307555043788953,0.01037309550484855,0.013340325274318752,0.0024983597696025053,0.003436099769337897,0.0004688699998676958
2025-09-08,0.01606108404273475,0.015981068628592825,0.00838564052511677,0.012183354576854797,8.001541414192487e-05,0.00767544351761798,0.0038777294658799526
2025-09-09,0.00205852153268093,0.015806477560120095,0.010559638241875946,0.01318305790099802,0.013747956027439166,0.008501116709195016,0.011124536368317091
2025-09-10,0.01804998058228654,0.0151621479770334,0.012602967145786029,0.013882557561409714,0.002887832605253139,0.00544701343650051,0.0041674230208768245
2025-09-11,0.0017296055046895737,0.015132037346839594,0.011596961175847423,0.013364499261343508,0.013402431842150021,0.00986735567115785,0.011634893756653934
2025-09-12,0.0037512668430719647,0.014534742629032333,0.011194898293101746,0.01286482046106704,0.010783475785960369,0.007443631450029782,0.009113553617995075
2025-09-15,0.023429643174734744,0.014014127222296035,0.014567179174453701,0.014290653198374869,0.009415515952438709,0.008862464000281043,0.009138989976359875
2025-09-16,0.01735765863618968,0.01453158839876627,0.014055617307626028,0.014293602853196148,0.002826070237423409,0.0033020413285636506,0.0030640557829935307
2025-09-17,0.021319180512041198,0.014525514541456196,0.009192489296104542,0.011859001918780369,0.006793665970585002,0.012126691215936656,0.009460178593260829
2025-09-18,0.003692661489009554,0.01488096031855797,0.011007666281754827,0.012944313300156399,0.011188298829548415,0.007315004792745273,0.009251651811146844
2025-09-19,0.0,0.014333093981734164,0.01076566731664387,0.012549380649189017,0.014333093981734164,0.01076566731664387,0.012549380649189017
2025-09-22,0.037992099966334056,0.013792261238313959,0.0017728043107172603,0.00778253277451561,0.024199838728020097,0.036219295655616796,0.030209567191818446
2025-09-23,0.014088874077741443,0.01607663729075035,0.009713419087600567,0.012895028189175458,0.0019877632130089057,0.004375454990140876,0.0011938458885659853
2025-09-24,0.010149427417101401,0.01573571331976264,0.009779332448635061,0.01275752288419885,0.005586285902661237,0.00037009496846633974,0.0026080954670974488
2025-09-25,0.004047418072232603,0.015261191968090964,0.008092180325850101,0.011676686146970532,0.01121377389585836,0.004044762253617498,0.007629268074737928
2025-09-26,0.007791122948623328,0.014690643638657573,0.009125116171955022,0.011907879905306298,0.006899520690034245,0.0013339932233316946,0.004116756956682971
2025-09-29,0.006018072325562945,0.014226175545705629,0.010189678670392888,0.012207927108049257,0.008208103220142683,0.004171606344829943,0.0061898547824863126
2025-09-30,0.004008021397538822,0.013753948162574707,0.007300489891153311,0.010527219026864008,0.009745926765035886,0.0032924684936144893,0.006519197629325187
2025-10-01,0.01367542679967549,0.013298523991715874,0.01146502970685409,0.012381776849284983,0.000376902807959616,0.0022103970928213992,0.0012936499503905068
2025-10-02,0.0,0.013203403441920157,0.010626406110667105,0.01191490477629363,0.013203403441920157,0.010626406110667105,0.01191490477629363
2025-10-03,0.013675426799675608,0.01274851928892411,0.007099788190299647,0.009924153739611878,0.0009269075107514978,0.006575638609375961,0.0037512730600637294
2025-10-06,0.031067169511544736,0.012770871462056426,0.01517182481387229,0.013971348137964357,0.018296298049488312,0.015895344697672446,0.01709582137358038
2025-10-07,0.015412943479607304,0.014284917456504814,0.008341286479524965,0.01131310196801489,0.0011280260231024894,0.007071657000082339,0.004099841511592414
2025-10-08,0.02482347514699265,0.014246678688739342,0.015128225942959067,0.014687452315849205,0.010576796458253306,0.009695249204033581,0.010136022831143444
2025-10-09,0.03890279866959919,0.014854424262790926,0.017182835959236864,0.016018630111013895,0.024048374406808265,0.021719962710362327,0.022884168558585296
2025-10-10,0.003702728377473456,0.016886031283391622,0.016915115911520645,0.016900573597456135,0.013183302905918166,0.01321238753404719,0.01319784521998268
2025-10-13,0.014415136258875012,0.01617872177701798,0.019329486846353355,0.01775410431168567,0.0017635855181429693,0.004914350587478343,0.003338968052810658
2025-10-14,0.021834354180903723,0.01584424236108897,0.0129154022414939,0.014379822301291435,0.005990111819814754,0.008918951939409822,0.007454531879612288
2025-10-15,0.007419217922028647,0.016073675819619607,0.016897231865820747,0.016485453842720175,0.00865445789759096,0.0094780139437921,0.009066235920691529
2025-10-16,0.01865228602457957,0.015491352993730173,0.011075846001894457,0.013283599497812316,0.003160933030849399,0.0075764400226851145,0.005368686526767256
2025-10-17,0.03003228709887509,0.015531527675467208,0.008054995039150428,0.011793261357308817,0.014500759423407882,0.02197729205972466,0.018239025741566273
2025-10-20,0.06527789270544986,0.016539320933872257,0.0009874328207801902,0.008763376877326224,0.0487385717715776,0.06429045988466967,0.05651451582812363
2025-10-21,0.021078063726254294,0.02212902223255183,0.0099379248562277,0.016033473544389765,0.0010509585062975363,0.011140138870026593,0.0050445901818645285
2025-10-22,0.01094796299315412,0.021603382089021888,0.006435929971970442,0.014019656030496165,0.010655419095867768,0.0045120330211836784,0.0030716930373420447
2025-10-23,0.015884810540023102,0.02070975981963091,0.005586841778587981,0.013148300799109445,0.004824949279607808,0.010297968761435121,0.0027365097409136566
2025-10-24,0.0020357721150350257,0.020100427784622576,0.005425570698334492,0.012762999241478534,0.01806465566958755,0.0033897985832994663,0.010727227126443507
2025-10-27,0.02440938715919198,0.019162145819630574,0.00034878171813518266,0.009755463768882878,0.0052472413395614065,0.024060605441056798,0.014653923390309102
2025-10-28,0.008301263205478752,0.019196594355319934,0.0017027420953581729,0.010449668225339053,0.010895331149841182,0.006598521110120579,0.0021484050198603017
2025-10-29,0.013198607790081343,0.018406097724935767,0.0031490944449933944,0.010777596084964581,0.005207489934854424,0.010049513345087949,0.0024210117051167625
2025-10-30,0.009073675600657513,0.01782842426229416,0.002055052916683897,0.009941738589489029,0.008754748661636648,0.007018622683973616,0.000868062988831516
2025-10-31,0.004124932189423808,0.017186690697042786,0.000994437079652341,0.009090563888347563,0.013061758507618978,0.0031304951097714667,0.0049656316989237555
2025-11-03,0.010387391215797834,0.01647701030831554,0.000489494690624509,0.008483252499470025,0.006089619092517706,0.009897896525173325,0.0019041387163278092
2025-11-04,0.029396590601344804,0.01598692343681583,0.005502374140838845,0.010744648788827338,0.013409667164528974,0.02389421646050596,0.018651941812517468
2025-11-05,0.02686643443083451,0.016761183353902004,0.007161585312729493,0.011961384333315749,0.010105251076932505,0.019704849118105015,0.01490505009751876
2025-11-06,0.003955924910302566,0.017198862114108145,0.0061547311203042215,0.011676796617206183,0.01324293720380558,0.002198806210001655,0.007720871706903617
2025-11-07,0.041919708906079024,0.016485744781970596,0.0013086053951884419,0.008897175088579519,0.02543396412410843,0.04061110351089058,0.033022533817499505
2025-11-10,0.020582382067381857,0.018671455013836335,0.00028135334418628866,0.009476404179011312,0.001910927053545522,0.020301028723195568,0.011105977888370545
2025-11-11,0.010194990851584018,0.018500304597326496,0.0016845454201809412,0.010092425008753719,0.008305313745742478,0.008510445431403077,0.00010256584283029925
2025-11-12,0.014512323405221754,0.017811178894143978,0.0050461896359469405,0.01142868426504546,0.0032988554889222237,0.009466133769274814,0.003083639140176295
2025-11-13,0.007377929291347671,0.01733786394946485,0.004023485203422564,0.010680674576443706,0.009959934658117179,0.003354444087925107,0.0033027452850960355
2025-11-14,0.005941788128750803,0.01668489987598455,0.0035936319057644495,0.010139265890874499,0.010743111747233745,0.002348156222986354,0.0041974777621236956
2025-11-17,0.0059417881287508224,0.01604577641221347,0.003251709941093972,0.00964874317665372,0.010103988283462647,0.0026900781876568504,0.0037069550479028983
2025-11-18,0.011193047638538345,0.015432978075761583,0.004133181146151521,0.009783079610956553,0.004239930437223238,0.007059866492386824,0.001409968027581792
2025-11-19,0.0008791209357402404,0.015022397909834997,0.003853650374406256,0.009438024142120627,0.014143276974094756,0.002974529438666016,0.008558903206380386
2025-11-20,0.00499633662447414,0.014433897722591214,0.0038941334757933987,0.009164015599192306,0.009437561098117074,0.0011022031486807408,0.004167678974718167
2025-11-21,0.0,0.01394506010985356,0.003808387026252566,0.008876723568053062,0.01394506010985356,0.003808387026252566,0.008876723568053062
2025-11-24,0.0062066107325213764,0.013433354491200498,0.002323152818665866,0.007878253654933182,0.007226743758679122,0.0038834579138555102,0.0016716429224118059
2025-11-25,0.013431033120550865,0.01305568285806805,0.00014895349214394393,0.006602318175105997,0.000375350262482815,0.01328207962840692,0.006828714945444868
2025-11-26,0.015504186535965036,0.013029743312263559,0.005412193630426665,0.009220968471345112,0.0024744432237014773,0.010091992905538371,0.006283218064619924
2025-11-27,0.0011841327612166937,0.013071780473692972,0.0032105320683063626,0.008141156270999667,0.011887647712476279,0.0020263993070896687,0.006957023509782973
2025-11-28,0.003252997101923974,0.012632826364580407,0.004934415516791357,0.008783620940685882,0.009379829262656434,0.0016814184148673831,0.005530623838761908
2025-12-01,0.012477880255442716,0.012239287639382835,0.001237109045370735,0.006738198342376785,0.0002385926160598812,0.01124077121007198,0.005739681913065931
2025-12-02,0.013363227812166938,0.01224616510430738,0.005539311445698691,0.008892738275003035,0.0011170627078595577,0.007823916366468247,0.004470489537163903
2025-12-03,0.05843586696900833,0.012245101589143114,0.014285878799200138,0.013265490194171626,0.04619076537986522,0.04414998816980819,0.0451703767748367
2025-12-04,0.0,0.01805593383980386,0.012350463903520764,0.015203198871662313,0.01805593383980386,0.012350463903520764,0.015203198871662313
2025-12-05,0.009505243497428095,0.017251184922773017,0.011677815775464534,0.014464500349118775,0.007745941425344922,0.0021725722780364387,0.00495925685169068
2025-12-08,0.007896262122225505,0.01666783316725599,0.009515229665483418,0.013091531416369704,0.008771571045030485,0.0016189675432579133,0.005195269294144199
2025-12-09,0.0197290173214286,0.01607984923072875,0.004311148660477229,0.010195498945602989,0.0036491680906998517,0.015417868660951371,0.009533518375825611
2025-12-10,0.007766470794050718,0.01612806198374992,0.00920141734028046,0.01266473966201519,0.008361591189699202,0.0014349465462297423,0.004898268867964473
2025-12-11,0.007766470794050736,0.015550347127300692,0.008319071999855474,0.011934709563578082,0.007783876333249956,0.0005526012058047376,0.004168238769527346
2025-12-12,0.012202359424817304,0.015045955689538947,0.006221985098522592,0.01063397039403077,0.0028435962647216425,0.005980374326294712,0.0015683890307865347
2025-12-15,0.004084019678845157,0.014757157961093744,0.0075035947317577956,0.01113037634642577,0.010673138282248588,0.003419575052912639,0.007046356667580614
2025-12-16,0.025863510589919373,0.014209330569595963,0.011575525101195389,0.012892427835395676,0.01165418002032341,0.014287985488723984,0.012971082754523697
2025-12-17,0.01572584230546406,0.014918413154897626,0.005199416594092593,0.01005891487449511,0.0008074291505664345,0.010526425711371468,0.00566692743096895
2025-12-18,0.01013766828445523,0.014832316278266896,0.005758424767202425,0.01029537052273466,0.004694647993811666,0.0043792435172528045,0.00015770223827943006
2025-12-19,0.0029069787913093108,0.014471654876964214,0.005968403625075752,0.010220029251019983,0.011564676085654903,0.0030614248337664414,0.007313050459710672
2025-12-22,0.020115620797006295,0.013931447518608458,0.009560668117260779,0.011746057817934618,0.006184173278397837,0.010554952679745516,0.008369562979071677
2025-12-23,0.004276556767260194,0.014189060721136857,0.007191174203876841,0.010690117462506848,0.009912503953876663,0.002914617436616647,0.006413560695246654
2025-12-24,0.008534902449837286,0.013704583379622855,0.011480458384298495,0.012592520881960674,0.005169680929785569,0.002945555934461209,0.004057618432123388
2025-12-25,0.008534902449837331,0.013344628113111849,0.006670289421770281,0.010007458767441066,0.004809725663274518,0.0018646130280670498,0.0014725563176037348
2025-12-26,0.005698021114637796,0.013052164278235271,0.009332618129135606,0.01119239120368544,0.0073541431635974755,0.00363459701449781,0.0054943700890476435
2025-12-29,0.0028368813351995355,0.012667411548633439,0.009514205595103478,0.01109080857186846,0.009830530213433903,0.006677324259903942,0.008253927236668923
2025-12-30,0.009866182921053979,0.01226632292782365,0.012967657238598176,0.012616990083210912,0.00240014000676967,0.0031014743175441974,0.002750807162156933
2025-12-31,0.0028011222797117733,0.012086928723042088,0.012691037417398382,0.012388983070220235,0.009285806443330314,0.009889915137686608,0.009587860790508461
2026-01-05,0.007017572658646535,0.01173274863847177,0.010322870829178807,0.011027809733825288,0.004715175979825235,0.0033052981705322722,0.004010237075178754
2026-01-06,0.019526422350355236,0.011531530269033108,0.014874734606279888,0.013203132437656497,0.007994892081322128,0.004651687744075348,0.006323289912698739
2026-01-07,0.033947591131503106,0.012068759891216911,0.01882624469140151,0.015447502291309211,0.021878831240286195,0.015121346440101595,0.018500088840193895
2026-01-08,0.01982880564930103,0.014096219470379822,0.01822482471068264,0.016160522090531232,0.005732586178921209,0.0016039809386183927,0.003668283558769799
2026-01-09,0.06462032407434219,0.014311730807866626,0.02359125213438068,0.018951491471123655,0.05030859326647556,0.04102907193996151,0.04566883260321854
2026-01-12,0.018237587549780793,0.02040951974244778,0.020105113512685263,0.020257316627566524,0.002171932192666988,0.0018675259629044698,0.0020197290777857306
2026-01-13,0.00483092726966558,0.019888800395929378,0.019691620850170663,0.01979021062305002,0.015057873126263797,0.014860693580505083,0.01495928335338444
2026-01-14,0.0036253816143170577,0.019002452807388978,0.021446273033401644,0.02022436292039531,0.01537707119307192,0.017820891419084585,0.016598981306078252
2026-01-15,0.03560842746736777,0.01814835713484076,0.012255131835882782,0.015201744485361771,0.017460070332527007,0.023353295631484985,0.020406682982005996
2026-01-16,0.01005033585350145,0.019301430757378356,0.015048414805126198,0.017174922781252277,0.009251094903876905,0.004998078951624747,0.007124586927750826
2026-01-19,0.010050335853501506,0.018578798699097863,0.01953541206328195,0.019057105381189907,0.008528462845596357,0.009485076209780445,0.009006769527688401
2026-01-20,0.008788506033079348,0.01787949486335074,0.01685194662963113,0.017365720746490936,0.009090988830271393,0.008063440596551784,0.008577214713411588
2026-01-21,0.013776047544118552,0.017225251475789707,0.019332382617253202,0.018278817046521456,0.003449203931671155,0.00555633507313465,0.004502769502402904
2026-01-22,0.007490671729157738,0.016769373975900045,0.015500405893781724,0.016134889934840885,0.009278702246742307,0.008009734164623986,0.008644218205683146
2026-01-23,0.022814677766171288,0.016162240920424238,0.010093324478537474,0.013127782699480856,0.00665243684574705,0.012721353287633814,0.009686895066690432
2026-01-26,0.020726130517116855,0.016428541613447926,0.006216268863827687,0.011322405238637806,0.004297588903668929,0.014509861653289168,0.009403725278479049
2026-01-27,0.0013080446600151673,0.016507286523017747,0.008571489878584207,0.012539388200800977,0.01519924186300258,0.00726344521856904,0.01123134354078581
2026-01-28,0.003913899321136315,0.01581010292235661,0.008143279123242197,0.011976691022799404,0.011896203601220297,0.004229379802105883,0.008062791701663088
2026-01-29,0.0026075634070809417,0.015182262022923425,0.008508812022652648,0.011845537022788037,0.012574698615842483,0.005901248615571706,0.009237973615707095
2026-01-30,0.011680859612755808,0.014596787087180624,0.008517772057949832,0.011557279572565228,0.002915927474424816,0.0031630875548059757,0.0001235800401905799
2026-02-02,0.015365219064056359,0.01427935077801993,0.009780643928332389,0.012029997353176159,0.0010858682860364292,0.00558457513572397,0.0033352217108801995
2026-02-03,0.008855212829732544,0.014178562743853729,0.009871256524570465,0.012024909634212096,0.005323349914121185,0.001016043694837921,0.003169696804479552
2026-02-04,0.0025220694327099465,0.013789042731835998,0.009674022546749636,0.011731532639292816,0.011266973299126052,0.00715195311403969,0.00920946320658287
2026-02-05,0.025576841789649737,0.013307638733980838,0.0033439134737639348,0.008325776103872386,0.0122692030556689,0.022232928315885803,0.01725106568577735
2026-02-06,0.031581572050299045,0.014230738304136485,0.0023952098936372707,0.008312974098886879,0.01735083374616256,0.029186362156661774,0.023268597951412166
2026-02-09,0.008053734807096716,0.015634198839712645,0.0005587058291466468,0.008096452334429646,0.007580464032615929,0.007495028977950069,4.27175273329302e-05
2026-02-10,0.0,0.015131958496542535,0.0006836781670610942,0.007907818331801816,0.015131958496542535,0.0006836781670610942,0.007907818331801816
2026-02-11,0.02133414247499114,0.014532302208120372,0.006070027511643733,0.010301164859882053,0.0068018402668707685,0.015264114963347408,0.011032977615109088
2026-02-12,0.0026350476380052534,0.01480807740185964,0.005286993063003731,0.010047535232431685,0.012173029763854388,0.0026519454249984776,0.007412487594426431
2026-02-13,0.015666116744399456,0.014240401555152844,0.007945394201439984,0.011092897878296414,0.0014257151892466124,0.007720722542959472,0.004573218866103042
2026-02-23,0.0025873235649509544,0.014161250696894325,0.005138349412353346,0.009649800054623837,0.01157392713194337,0.002551025847402392,0.007062476489672882
2026-02-24,0.013004084423206573,0.013641533919547831,0.0017809714868005228,0.007711252703174177,0.000637449496341258,0.01122311293640605,0.005292831720032396
2026-02-25,0.007822725681208858,0.01352980536564912,0.0053166098548404345,0.009423207610244778,0.005707079684440262,0.002506115826368423,0.0016004819290359202
2026-02-26,0.0,0.013161952830360578,0.005005744377920493,0.009083848604140535,0.013161952830360578,0.005005744377920493,0.009083848604140535
2026-02-27,0.006514681021193642,0.012710292740033954,0.0038356126719366473,0.008272952705985302,0.006195611718840312,0.0026790683492569946,0.0017582716847916596
