date,target_abs_return_next,abs_return,garch_sigma,naive_pred,garch_only_pred,xgb_pred,gxgb_pred
2024-02-23,0.03011578069,0.04423798229,0.01612803800864246,0.04423798229,0.012868312523137608,0.028370747,0.0252931
2024-02-26,0.01124509842,0.03011578069,0.019009267019223734,0.03011578069,0.015167200666817723,0.023256112,0.024428336
2024-02-27,0.0169340431,0.01124509842,0.019826652833743706,0.01124509842,0.015819380188442485,0.029678565,0.028895073
2024-02-28,0.0169340431,0.0169340431,0.019504831328718122,0.0169340431,0.01556260377824823,0.034522895,0.03447222
2024-02-29,0.009417779497,0.0169340431,0.019365294561432784,0.0169340431,0.015451269545966914,0.030001016,0.028981324
2024-03-01,0.0,0.009417779497,0.019342401717584425,0.009417779497,0.015433003699307437,0.024424525,0.024892673
2024-03-04,0.01677663469,0.0,0.018927186944650135,0.0,0.0151017102425659,0.026378565,0.02931231
2024-03-05,0.0,0.01677663469,0.018424188983381856,0.01677663469,0.014700375935154624,0.024097033,0.026179919
2024-03-06,0.02044132043,0.0,0.018358731447687217,0.0,0.014648148378035668,0.026204506,0.027015172
2024-03-07,0.04218057339,0.02044132043,0.017887700904192783,0.02044132043,0.014272320379714877,0.030643165,0.031121144
2024-03-08,0.01179741623,0.04218057339,0.01821613125011276,0.04218057339,0.01453436988202357,0.033537015,0.028422998
2024-03-11,0.02935421358,0.01179741623,0.02066528807414623,0.01179741623,0.01648851429890486,0.03487445,0.035006374
2024-03-12,0.01145809332,0.02935421358,0.020309607706085187,0.02935421358,0.01620472242464827,0.021946335,0.024549732
2024-03-13,0.01735503222,0.01145809332,0.0209156062147789,0.01145809332,0.016688239278604543,0.020160694,0.019203078
2024-03-14,0.009652811855,0.01735503222,0.020463591473600422,0.01735503222,0.016327583695362934,0.01922899,0.022886721
2024-03-15,0.00375587296,0.009652811855,0.02037771457413748,0.009652811855,0.01625906384315183,0.023379838,0.02312547
2024-03-18,0.007791327337,0.00375587296,0.019906664317556423,0.00375587296,0.01588322011606358,0.027445287,0.027978983
2024-03-19,0.02666200962,0.007791327337,0.01938329043248952,0.007791327337,0.015465628173641284,0.02382507,0.025365978
2024-03-20,0.0,0.02666200962,0.018976217066409812,0.02666200962,0.015140830619732232,0.021769268,0.024569513
2024-03-21,0.02236514946,0.0,0.019508770736190627,0.0,0.015565746970649252,0.027520437,0.024852099
2024-03-22,0.02236514946,0.02236514946,0.018973567990192536,0.02236514946,0.015138716962718077,0.026903043,0.028217427
2024-03-25,0.0,0.02236514946,0.01919316337607851,0.02236514946,0.015313928730740044,0.026839925,0.03310373
2024-03-26,0.009507317989,0.0,0.019531880982374315,0.0,0.01558418627927557,0.032609228,0.031387076
2024-03-27,0.002094729033,0.009507317989,0.018995408378513764,0.009507317989,0.015156143071361525,0.024467349,0.022307072
2024-03-28,0.00957839352,0.002094729033,0.01866557400249416,0.002094729033,0.014892973315113434,0.02701772,0.0271661
2024-03-29,0.0,0.00957839352,0.018177494982804267,0.00957839352,0.014503542600851073,0.027307108,0.026804931
2024-04-01,0.003998594061,0.0,0.017903877680203018,0.0,0.01428522757953701,0.025431817,0.023704296
2024-04-02,0.01735453041,0.003998594061,0.017458804929024675,0.003998594061,0.013930110902937755,0.025186751,0.025618713
2024-04-03,0.0,0.01735453041,0.01708178782403933,0.01735453041,0.013629294775711355,0.022638978,0.024531882
2024-04-04,0.01595392794,0.0,0.01727859091226869,0.0,0.013786320921327887,0.022134155,0.021517161
2024-04-05,0.01186885678,0.01595392794,0.016869802653199463,0.01595392794,0.013460155080779067,0.02671013,0.02794102
2024-04-08,0.03687489399,0.01186885678,0.01699898461789172,0.01186885678,0.013563227375941199,0.022722619,0.022642339
2024-04-09,0.01331639815,0.03687489399,0.01681661897932658,0.03687489399,0.013417720648509119,0.020370949,0.021462418
2024-04-10,0.01887068228,0.01331639815,0.018634696969092354,0.01331639815,0.01486833700687874,0.021529414,0.020481138
2024-04-11,0.00758711537,0.01887068228,0.018482593895845553,0.01887068228,0.01474697631308445,0.024785267,0.025988998
2024-04-12,0.07192564112,0.00758711537,0.01852702000744225,0.00758711537,0.01478242322162396,0.026027307,0.024787884
2024-04-15,0.01223107224,0.07192564112,0.018116607464999063,0.07192564112,0.014454961390448691,0.036173124,0.03038452
2024-04-16,0.0447501958,0.01223107224,0.025120039804184806,0.01223107224,0.020042891926512492,0.020041421,0.02166805
2024-04-17,0.005072290865,0.0447501958,0.024447110510718552,0.0447501958,0.019505972032743787,0.03271321,0.03699426
2024-04-19,0.03553610342,0.005072290865,0.026174435233807067,0.005072290865,0.020884177760789196,0.026738435,0.027419914
2024-04-22,0.01401375116,0.03553610342,0.02531410013555183,0.03553610342,0.020197729668774526,0.01770899,0.020227663
2024-04-23,0.01205871632,0.01401375116,0.025896762166313002,0.01401375116,0.02066262670728491,0.02111724,0.024156803
2024-04-24,0.008105165334,0.01205871632,0.025299522191237413,0.01205871632,0.02018609815207781,0.018050099,0.017830802
2024-04-25,0.0079227946,0.008105165334,0.0246119534220076,0.008105165334,0.019637497646619116,0.022373382,0.02364611
2024-04-26,0.0,0.0079227946,0.023913655462257533,0.0079227946,0.019080336485694394,0.025575588,0.025300145
2024-05-02,0.0,0.0,0.023249109051492516,0.0,0.01855010516460803,0.01985245,0.019614097
2024-05-03,0.02600735394,0.0,0.022516407533425164,0.0,0.017965493935665267,0.025054848,0.020595763
2024-05-06,0.009979394003,0.02600735394,0.021821287244332917,0.02600735394,0.017410868189097737,0.022490721,0.020928781
2024-05-07,0.003921573653,0.009979394003,0.02202918270907564,0.009979394003,0.017576744770676892,0.02657998,0.029701045
2024-05-08,0.006158413354,0.003921573653,0.021526837073574764,0.003921573653,0.017175930943924042,0.022530323,0.02070196
2024-05-09,0.009184624575,0.006158413354,0.020916684600558396,0.006158413354,0.016689099705968595,0.018778225,0.017442927
2024-05-10,0.009018097189,0.009184624575,0.020379629547462367,0.009184624575,0.01626059177080211,0.021931171,0.02000535
2024-05-13,0.01037065068,0.009018097189,0.019952382994369813,0.009018097189,0.01591969834243332,0.019684821,0.020572184
2024-05-14,0.01037065068,0.01037065068,0.01954629574976001,0.01037065068,0.01559568759962018,0.023555648,0.025823265
2024-05-15,0.02017754344,0.01037065068,0.019210744269738383,0.01037065068,0.015327956254356373,0.02211231,0.02440796
2024-05-16,0.004944385845,0.02017754344,0.018830545029187365,0.02017754344,0.015024601150291741,0.019281946,0.022825047
2024-05-17,0.004944385845,0.004944385845,0.018923205008550378,0.004944385845,0.015098533117229801,0.02393109,0.02477046
2024-05-20,0.008105165334,0.004944385845,0.0184764098878914,0.004944385845,0.014742042188613948,0.021437857,0.021286959
2024-05-21,0.003921573653,0.008105165334,0.018022835892824333,0.008105165334,0.014380142500768262,0.028038142,0.02654746
2024-05-22,0.006158413354,0.003921573653,0.017655010469721164,0.003921573653,0.01408666027460346,0.026889611,0.026058344
2024-05-23,0.005947972926,0.006158413354,0.017264813317840747,0.006158413354,0.013775327991448826,0.026382325,0.024475742
2024-05-24,0.006233656889,0.005947972926,0.016946213676261177,0.005947972926,0.013521122256355161,0.03186487,0.02968262
2024-05-27,0.003994014296,0.006233656889,0.016642651386700805,0.006233656889,0.013278914592272971,0.029333085,0.028104546
2024-05-28,0.01001510624,0.003994014296,0.016366115351820525,0.003994014296,0.013058270759536353,0.02946625,0.027561424
2024-05-29,0.01879659099,0.01001510624,0.016026462976793405,0.01001510624,0.012787267373462188,0.028960014,0.02917531
2024-05-30,0.0126436983,0.01879659099,0.015921455729378975,0.01879659099,0.012703483711977808,0.027366016,0.028584117
2024-05-31,0.004146157792,0.0126436983,0.016329595826728,0.0126436983,0.013029132394297175,0.028018704,0.027075116
2024-06-03,0.006444151699,0.004146157792,0.016321765604420356,0.004146157792,0.01302288478081025,0.03039056,0.031136815
2024-06-04,0.001027221457,0.006444151699,0.015986587867697,0.006444151699,0.012755451639553838,0.026132261,0.025785953
2024-06-05,0.005120338888,0.001027221457,0.015709877927104973,0.001027221457,0.012534669050134782,0.028257165,0.026860893
2024-06-06,0.003069056117,0.005120338888,0.015393693605257277,0.005120338888,0.01228239046136458,0.03469358,0.034495607
2024-06-07,0.002051282771,0.003069056117,0.01513081386038081,0.003069056117,0.01207264277157985,0.033542965,0.030855607
2024-06-10,0.006437514185,0.002051282771,0.014884533878594399,0.002051282771,0.011876139776477663,0.029745843,0.030238455
2024-06-11,0.01155785307,0.006437514185,0.014639644835241898,0.006437514185,0.011680746589676919,0.02930193,0.025761677
2024-06-12,0.009404059646,0.01155785307,0.014506523297713307,0.01155785307,0.011574530970172517,0.028847259,0.026999345
2024-06-13,0.01760923389,0.009404059646,0.014499130637471224,0.009404059646,0.011568632480702097,0.030625569,0.027244095
2024-06-14,0.02133830636,0.01760923389,0.014407601573117056,0.01760923389,0.011495602853389176,0.025444591,0.028050993
2024-06-17,0.0,0.02133830636,0.014890200442061442,0.02133830636,0.011880661039980827,0.02340912,0.022235638
2024-06-18,0.008717529781,0.0,0.015616682388338568,0.0,0.012460309768617362,0.030138416,0.028169379
2024-06-19,0.013086046,0.008717529781,0.015308280845016462,0.008717529781,0.012214240938672877,0.02626828,0.024844695
2024-06-20,0.002148228538,0.013086046,0.015205041822807882,0.013086046,0.012131868116780267,0.031365126,0.029205954
2024-06-21,0.0132309207,0.002148228538,0.015314788069009424,0.002148228538,0.012219432952230548,0.03175026,0.029610166
2024-06-24,0.01782578395,0.0132309207,0.015025902048199211,0.0132309207,0.011988935256394303,0.030969476,0.03035614
2024-06-25,0.006618887926,0.01782578395,0.015159537299342359,0.01782578395,0.012095560760060435,0.024763094,0.027110742
2024-06-26,0.008834955315,0.006618887926,0.015576873082744662,0.006618887926,0.012428546538307701,0.031147946,0.028056942
2024-06-27,0.01960298001,0.008834955315,0.015330693056505537,0.008834955315,0.01223212329619346,0.03099195,0.028313369
2024-06-28,0.01487746739,0.01960298001,0.015230309930254107,0.01960298001,0.012152029149592318,0.02845974,0.032153055
2024-07-01,0.0414793432,0.01487746739,0.01577411602280289,0.01487746739,0.012585923634907525,0.02775402,0.026188891
2024-07-02,0.03105512719,0.0414793432,0.01582302275476425,0.0414793432,0.01262494556125882,0.019369982,0.021284541
2024-07-03,0.00207093007,0.03105512719,0.018399409857163058,0.03105512719,0.014680605052914459,0.020624418,0.024574481
2024-07-04,0.0,0.00207093007,0.019376848519738612,0.00207093007,0.015460488270915295,0.02314694,0.021706803
2024-07-05,0.006225701042,0.0,0.01884908742670498,0.0,0.015039395842991316,0.029729536,0.0291081
2024-07-08,0.01061223885,0.006225701042,0.018350451781674926,0.006225701042,0.014641542160355858,0.026032114,0.027567508
2024-07-09,0.01269611561,0.01061223885,0.017965800421343575,0.01061223885,0.014334634778655653,0.026122335,0.024036158
2024-07-10,0.002349563801,0.01269611561,0.01767273283915332,0.01269611561,0.014100800679554224,0.027544895,0.028200382
2024-07-11,0.004190681879,0.002349563801,0.017563076486816036,0.002349563801,0.014013307569030345,0.027322121,0.025930677
2024-07-12,0.001050420265,0.004190681879,0.017155642532617584,0.004190681879,0.013688222307428539,0.02837593,0.026825963
2024-07-15,0.01279223814,0.001050420265,0.016800600198332388,0.001050420265,0.01340493951047097,0.02568077,0.024522083
2024-07-16,0.01774053469,0.01279223814,0.016425946128407535,0.01279223814,0.013106008812435973,0.025691517,0.026092801
2024-07-17,0.01039431338,0.01774053469,0.016323267305004864,0.01774053469,0.013024082964521578,0.02596497,0.025996367
2024-07-18,0.01652930195,0.01039431338,0.016487159346296257,0.01039431338,0.013154849893906447,0.028115083,0.029485015
2024-07-19,0.0,0.01652930195,0.016286632100749668,0.01652930195,0.012994852300664498,0.031160405,0.031357516
2024-07-22,0.03629167365,0.0,0.01650408889601248,0.0,0.013168357720246365,0.032009784,0.031623747
2024-07-23,0.002124834797,0.03629167365,0.016141311844458033,0.03629167365,0.012878903511797487,0.032719776,0.031162359
2024-07-24,0.002124834797,0.002124834797,0.01825074895805231,0.002124834797,0.01456199081671892,0.030702166,0.030218756
2024-07-25,0.005303645421,0.002124834797,0.01778623678466724,0.002124834797,0.01419136372526999,0.030075874,0.030035673
2024-07-26,0.01834432992,0.005303645421,0.01736315030205322,0.005303645421,0.013853789552907874,0.027579704,0.02919139
2024-07-29,0.006512983815,0.01834432992,0.016980245680578716,0.01834432992,0.013548275867173302,0.020932395,0.021358306
2024-07-30,0.01710329331,0.006512983815,0.017122228888023533,0.006512983815,0.013661562076286791,0.024915842,0.023942808
2024-07-31,0.01710329331,0.01710329331,0.016822016758602468,0.01710329331,0.013422027453255972,0.025426446,0.026511
2024-08-01,0.02018179753,0.01710329331,0.01690458629991182,0.01710329331,0.013487908415459278,0.025186071,0.025665402
2024-08-02,0.03519195427,0.02018179753,0.01710159310081134,0.02018179753,0.013645097100270169,0.024844535,0.027219335
2024-08-05,0.01396413153,0.03519195427,0.017349288377684707,0.03519195427,0.01384272933747122,0.020363495,0.025229966
2024-08-06,0.007352974305,0.01396413153,0.019116027190032706,0.01396413153,0.015252382958814878,0.028377172,0.028250538
2024-08-07,0.008735992025,0.007352974305,0.018869705566687923,0.007352974305,0.015055846738556177,0.020034896,0.022795027
2024-08-08,0.01504184582,0.008735992025,0.018482109819046924,0.008735992025,0.014746590075680582,0.022745103,0.02175242
2024-08-09,0.002093145715,0.01504184582,0.018159977314098057,0.01504184582,0.014489565523449127,0.018353488,0.021349225
2024-08-12,0.00314136384,0.002093145715,0.01802931888730146,0.002093145715,0.014385315181969331,0.023961827,0.024393214
2024-08-13,0.008615116592,0.00314136384,0.017577325233408225,0.00314136384,0.014024676423947046,0.020386115,0.01952114
2024-08-14,0.008615116592,0.008615116592,0.01717943592517244,0.008615116592,0.01370720668799718,0.027064906,0.026120381
2024-08-15,0.01818704325,0.008615116592,0.01687783628524266,0.008615116592,0.013466564991753504,0.02436444,0.024393726
2024-08-16,0.008205174239,0.01818704325,0.01665850808113458,0.01818704325,0.013291566403947049,0.02576501,0.024811704
2024-08-19,0.0259623908,0.008205174239,0.016819558325901575,0.008205174239,0.013420065907760155,0.023041954,0.020932894
2024-08-20,0.02893777201,0.0259623908,0.016530318135654986,0.0259623908,0.013189285625598719,0.022079803,0.024511855
2024-08-21,0.005818198231,0.02893777201,0.017281402104536353,0.02893777201,0.013788563928235702,0.021464372,0.023503192
2024-08-22,0.003882557656,0.005818198231,0.0182052417156669,0.005818198231,0.01452568129061489,0.025370954,0.023515537
2024-08-23,0.006073139035,0.003882557656,0.01781985582061807,0.003882557656,0.014218187835004233,0.0274633,0.025369393
2024-08-26,0.0120114203,0.006073139035,0.017392119772243787,0.006073139035,0.013876903845907566,0.031951156,0.029435588
2024-08-27,0.0,0.0120114203,0.017063305791663853,0.0120114203,0.013614548247426703,0.025448779,0.024042428
2024-08-28,0.005936203432,0.0,0.016967817829339826,0.0,0.013538359876545836,0.025241463,0.024300817
2024-08-29,0.008220248057,0.005936203432,0.016577342304487434,0.005936203432,0.013226805483894717,0.026411023,0.0251567
2024-08-30,0.001000000083,0.008220248057,0.016297313263532728,0.008220248057,0.013003374635540523,0.02489538,0.025903432
2024-09-04,0.00501003052,0.001000000083,0.016104597808179542,0.001000000083,0.012849609949086124,0.0313158,0.028756818
2024-09-05,0.01223027849,0.00501003052,0.01576412998115781,0.00501003052,0.012577955926455381,0.02785053,0.029385906
2024-09-06,0.005223242817,0.01223027849,0.015514795438695184,0.01223027849,0.012379015744549606,0.026121547,0.026122287
2024-09-09,0.01128538623,0.005223242817,0.015457182637104131,0.005223242817,0.012333047379655506,0.028908568,0.028078124
2024-09-10,0.004043472782,0.01128538623,0.015233433979152576,0.01128538623,0.0121545217799756,0.02548515,0.022293856
2024-09-11,0.00101240201,0.004043472782,0.015247475756274302,0.004043472782,0.01216572549714726,0.027904917,0.026896833
2024-09-12,0.003040286102,0.00101240201,0.015011346095747084,0.00101240201,0.01197732128666497,0.036726512,0.035293855
2024-09-13,0.009432829662,0.003040286102,0.014739128312243116,0.003040286102,0.011760122920031178,0.0325347,0.030255424
2024-09-16,0.01978253709,0.009432829662,0.0145183357773345,0.009432829662,0.011583955965287066,0.026922543,0.025870321
2024-09-17,0.007007035676,0.01978253709,0.014505291558804036,0.01978253709,0.011573548184713869,0.030721243,0.031343848
2024-09-18,0.004230440551,0.007007035676,0.0149888445124979,0.007007035676,0.011959367620796826,0.027418187,0.025912091
2024-09-19,0.004230440551,0.004230440551,0.014791244896317397,0.004230440551,0.011801705937825832,0.03204013,0.030924663
2024-09-20,0.007007035676,0.004230440551,0.014554585187361746,0.004230440551,0.011612878809886018,0.028591845,0.029775247
2024-09-23,0.01123747623,0.007007035676,0.014369298744867825,0.007007035676,0.01146504161809403,0.029158855,0.024648363
2024-09-24,0.01503417103,0.01123747623,0.01427443774847175,0.01123747623,0.011389353493647225,0.02507347,0.022532223
2024-09-25,0.0,0.01503417103,0.014271859071698407,0.01503417103,0.011387296007262473,0.031497847,0.028027102
2024-09-26,0.001955034836,0.0,0.014461836043503831,0.0,0.011538875699974104,0.031850558,0.030253172
2024-09-27,0.008089270732,0.001955034836,0.014227339414249222,0.001955034836,0.011351774459931538,0.03285624,0.029964866
2024-09-30,0.0,0.008089270732,0.014008091288481787,0.008089270732,0.011176839765396736,0.03892012,0.03719779
2024-10-01,0.002212662243,0.0,0.013980343887917938,0.0,0.011154700542884428,0.034016285,0.04085096
2024-10-02,0.006158413354,0.002212662243,0.013777890256538748,0.002212662243,0.010993165916128497,0.03171685,0.034144353
2024-10-03,0.005947972926,0.006158413354,0.013590110502360473,0.006158413354,0.010843339349438295,0.02939172,0.034185424
2024-10-04,0.003236651649,0.005947972926,0.01352638080598782,0.005947972926,0.0107924904086379,0.03496671,0.03597041
2024-10-07,0.00299700524,0.003236651649,0.013460916768289278,0.003236651649,0.010740257663670417,0.026605962,0.030603843
2024-10-08,0.01119275458,0.00299700524,0.01333228810745341,0.00299700524,0.01063762684111273,0.03005888,0.033670716
2024-10-09,0.006164487528,0.01119275458,0.01320846905372423,0.01119275458,0.010538833529808996,0.024838436,0.030974526
2024-10-10,0.007154341605,0.006164487528,0.013293043142707456,0.006164487528,0.01060631388965268,0.03275294,0.035207927
2024-10-11,0.0,0.007154341605,0.013196058239066886,0.007154341605,0.010528931132406915,0.032563724,0.034298576
2024-10-14,0.01205871632,0.0,0.013197645012933057,0.0,0.01053019719477622,0.034425836,0.04121462
2024-10-15,0.002939737541,0.01205871632,0.01304909114881472,0.01205871632,0.01041166836014859,0.026963921,0.030417731
2024-10-16,0.009036573888,0.002939737541,0.01318947155587561,0.002939737541,0.010523675719581698,0.035026874,0.033494156
2024-10-17,0.0,0.009036573888,0.01307497473582982,0.009036573888,0.010432320474606138,0.028794035,0.03145721
2024-10-18,0.01321605139,0.0,0.013081417347197819,0.0,0.010437460934747917,0.03262542,0.03409948
2024-10-21,0.01814841607,0.01321605139,0.012941077684740976,0.01321605139,0.010325486084805316,0.039287347,0.038720068
2024-10-22,0.007302059387,0.01814841607,0.013273895734636281,0.01814841607,0.010591036468373298,0.024943877,0.02807283
2024-10-23,0.0083746207,0.007302059387,0.013931841457397665,0.007302059387,0.011116001202410889,0.034704734,0.038340114
2024-10-24,0.01024599127,0.0083746207,0.013880545326132905,0.0083746207,0.011075072811245819,0.024891531,0.030087784
2024-10-25,0.0,0.01024599127,0.013874333582618092,0.01024599127,0.011070116556999682,0.027994033,0.034330692
2024-10-28,0.001029336169,0.0,0.013951929350155717,0.0,0.011132029021901602,0.03130836,0.03450096
2024-10-29,0.003081666537,0.001029336169,0.013751391859394804,0.001029336169,0.010972023254161321,0.028299619,0.033588227
2024-10-30,0.001025115415,0.003081666537,0.013562212869992141,0.003081666537,0.010821080259288648,0.030066231,0.03208895
2024-10-31,0.0,0.001025115415,0.013395610034732936,0.001025115415,0.010688150429249345,0.028552715,0.032916795
2024-11-01,0.001025115415,0.0,0.013230890551004591,0.0,0.010556723296319081,0.032558657,0.03692683
2024-11-04,0.00643089033,0.001025115415,0.013079997647978842,0.001025115415,0.010436328178660111,0.030790778,0.033620644
2024-11-05,0.01383927777,0.00643089033,0.012946987500393782,0.00643089033,0.010330201435471881,0.031876534,0.034452375
2024-11-06,0.009461776253,0.01383927777,0.012942785985433823,0.01383927777,0.010326849111553347,0.027360082,0.029193042
2024-11-07,0.004377501518,0.009461776253,0.013189936257324968,0.009461776253,0.010524046497693522,0.025815818,0.029936668
2024-11-08,0.01901841874,0.004377501518,0.013289451284309264,0.004377501518,0.010603448001292173,0.029324863,0.033972975
2024-11-11,0.004481357177,0.01901841874,0.013198239875506201,0.01901841874,0.01053067182643913,0.029337432,0.03271148
2024-11-12,0.003175445907,0.004481357177,0.013939197509604038,0.004481357177,0.011121870482894813,0.028908977,0.030339807
2024-11-13,0.0141467727,0.003175445907,0.013802968968231218,0.003175445907,0.011013175832992746,0.023178432,0.027730212
2024-11-14,0.01762757508,0.0141467727,0.013648819270646451,0.0141467727,0.01089018216923743,0.02503681,0.031274896
2024-11-15,0.005762123228,0.01762757508,0.013969030388025567,0.01762757508,0.01114567367599166,0.025859348,0.029763967
2024-11-18,0.003296706282,0.005762123228,0.014502433844273617,0.005762123228,0.011571268058410866,0.028889589,0.033735946
2024-11-19,0.009010299866,0.003296706282,0.014359242406001102,0.003296706282,0.01145701782057407,0.026474025,0.026104977
2024-11-20,0.007851671581,0.009010299866,0.014140464669251866,0.009010299866,0.01128245844217446,0.028413223,0.029563334
2024-11-21,0.007522872663,0.007851671581,0.014062373851702236,0.007851671581,0.011220150984511137,0.02451619,0.023761535
2024-11-22,0.003217160952,0.007522872663,0.013953276159877863,0.007522872663,0.011133103620585241,0.026828157,0.028057987
2024-11-25,0.01519016549,0.003217160952,0.01384272854983853,0.003217160952,0.011044899389301201,0.036963984,0.041234016
2024-11-26,0.002377494186,0.01519016549,0.013686547709786764,0.01519016549,0.010920285108330676,0.026073763,0.030397821
2024-11-27,0.005556304809,0.002377494186,0.013941596186176804,0.002377494186,0.011123784349898582,0.029412312,0.03396774
2024-11-28,0.01396413153,0.005556304809,0.013743629025096026,0.005556304809,0.010965829408526256,0.0332435,0.036402706
2024-11-29,0.005246601752,0.01396413153,0.01365004081666233,0.01396413153,0.010891156821943809,0.027332885,0.0317278
2024-12-02,0.009779382814,0.005246601752,0.013836696460760061,0.005246601752,0.011040086478556104,0.026927387,0.033242583
2024-12-03,0.0198504372,0.009779382814,0.013727510729567745,0.009779382814,0.010952968869377782,0.025942415,0.028356696
2024-12-04,0.01878745544,0.0198504372,0.013795446370613786,0.0198504372,0.011007173668496665,0.023233723,0.028029
2024-12-05,0.01294430965,0.01878745544,0.014531327470659097,0.01878745544,0.011594321836809446,0.027886637,0.031456348
2024-12-06,0.002097536165,0.01294430965,0.014939125299927709,0.01294430965,0.011919697428711795,0.02154356,0.023134664
2024-12-09,0.001047120515,0.002097536165,0.014960063996636566,0.002097536165,0.011936404091539126,0.036825925,0.0330663
2024-12-10,0.003144656679,0.001047120515,0.014693550459483928,0.001047120515,0.011723757055000075,0.027058592,0.025008136
2024-12-11,0.0,0.003144656679,0.01444179740300254,0.003144656679,0.011522887178098644,0.031679038,0.028297605
2024-12-12,0.004208317626,0.0,0.01424285380167579,0.0,0.01136415315012951,0.02619354,0.022996496
2024-12-13,0.007352974305,0.004208317626,0.014022832367507116,0.004208317626,0.01118860144476062,0.037569232,0.035980653
2024-12-16,0.003144656679,0.007352974305,0.013874291094468383,0.007352974305,0.011070082656361013,0.029747948,0.030976923
2024-12-17,0.005235614054,0.003144656679,0.013764804890840317,0.003144656679,0.01098272530486526,0.03643547,0.037122585
2024-12-18,0.008390190802,0.005235614054,0.013612783283805475,0.005235614054,0.01086142961170372,0.03737707,0.03903264
2024-12-19,0.0,0.008390190802,0.013472931402571458,0.008390190802,0.01074984395486786,0.0371482,0.040254794
2024-12-20,0.005252112913,0.0,0.013500626525961323,0.0,0.010771941466230164,0.040941257,0.040780246
2024-12-23,0.01318236859,0.005252112913,0.013330924150863429,0.005252112913,0.010636538561207979,0.03398048,0.03623997
2024-12-24,0.0142294891,0.01318236859,0.01321167064789154,0.01318236859,0.01054138803236505,0.030561827,0.035331085
2024-12-25,0.009115833408,0.0142294891,0.013514554518647626,0.0142294891,0.010783054396557542,0.035638433,0.037639283
2024-12-26,0.003881490188,0.009115833408,0.013729104255667857,0.009115833408,0.010954240319250299,0.03313545,0.034133714
2024-12-27,0.02325382376,0.003881490188,0.013686318034204264,0.003881490188,0.010920101853729405,0.04365564,0.042985786
2024-12-30,0.01840788272,0.02325382376,0.013519908701841745,0.02325382376,0.010787326416663839,0.028853877,0.034809593
2024-12-31,0.01708530615,0.01840788272,0.014610185993838147,0.01840788272,0.011657241834941726,0.029068006,0.035468176
2025-01-02,0.0,0.01708530615,0.015130895703935367,0.01708530615,0.012072708073288432,0.027412076,0.028220667
2025-01-03,0.01549604219,0.0,0.015364408382997564,0.0,0.012259024234663875,0.03536821,0.03446496
2025-01-06,0.04060304952,0.01549604219,0.015071826380537848,0.01549604219,0.012025577572132481,0.029357517,0.030835323
2025-01-07,0.00125203472,0.04060304952,0.015215459724288933,0.04060304952,0.012140180399527963,0.021567617,0.023717858
2025-01-08,0.01007311464,0.00125203472,0.017804363657514633,0.00125203472,0.014205826877250562,0.032883514,0.033545174
2025-01-09,0.0214896988,0.01007311464,0.017372088015426203,0.01007311464,0.013860920816417058,0.026042353,0.022402769
2025-01-10,0.005158639245,0.0214896988,0.017171962313083666,0.0214896988,0.013701243608298117,0.034320135,0.033199232
2025-01-13,0.007747972644,0.005158639245,0.01765017475607735,0.005158639245,0.014082801933346599,0.029017122,0.029006826
2025-01-14,0.005171979463,0.007747972644,0.01724795680288941,0.007747972644,0.013761878438420212,0.032472666,0.03087091
2025-01-15,0.005145367668,0.005171979463,0.016975228808032105,0.005171979463,0.013544272982024845,0.025569707,0.026376726
2025-01-16,0.002562789716,0.005145367668,0.01661381381391448,0.005145367668,0.013255905538175732,0.027403355,0.025872583
2025-01-17,0.009932591527,0.002562789716,0.01627414935704093,0.002562789716,0.012984892512182837,0.030257931,0.028319657
2025-01-20,0.00253742841,0.009932591527,0.01592791845252668,0.009932591527,0.012708640218998105,0.024619732,0.023560302
2025-01-21,0.007395163117,0.00253742841,0.015750731787825725,0.00253742841,0.01256726571485306,0.026621936,0.0266092
2025-01-22,0.009932591527,0.007395163117,0.015456442259100922,0.007395163117,0.012332456643477588,0.030100206,0.031103056
2025-01-23,0.00253100616,0.009932591527,0.015295228941279462,0.009932591527,0.012203827026192039,0.027498463,0.026973352
2025-01-24,0.0150263874,0.00253100616,0.015163407764912323,0.00253100616,0.012098648944781827,0.033592883,0.03572728
2025-02-03,0.006139696954,0.0150263874,0.014886178281581706,0.0150263874,0.011877451820232972,0.03113589,0.028090112
2025-02-04,0.001275998642,0.006139696954,0.015140416642904308,0.006139696954,0.012080304683496098,0.02431485,0.02482691
2025-02-05,0.005094254522,0.001275998642,0.01491304647095083,0.001275998642,0.011898889533707324,0.030543067,0.03133061
2025-02-06,0.01737860133,0.005094254522,0.014657811800010676,0.005094254522,0.011695241730382576,0.035070438,0.032615654
2025-02-07,0.003501754454,0.01737860133,0.0144431009084583,0.01737860133,0.011523927224976718,0.02533091,0.026184881
2025-02-10,0.002252535053,0.003501754454,0.01476281401443346,0.003501754454,0.011779021376120628,0.025158096,0.02673161
2025-02-11,0.01106094736,0.002252535053,0.014548585726499775,0.002252535053,0.01160809193269111,0.0312892,0.03152698
2025-02-12,0.0,0.01106094736,0.014309512153046287,0.01106094736,0.011417338819536603,0.03727324,0.036200054
2025-02-13,0.01604848887,0.0,0.014389924059943271,0.0,0.011481498238554422,0.03663027,0.03508778
2025-02-14,0.01100561384,0.01604848887,0.01416016343535337,0.01604848887,0.011298175783513716,0.02725314,0.027917603
2025-02-17,0.007267291726,0.01100561384,0.014422036136395226,0.01100561384,0.011507119968570758,0.035617374,0.03512441
2025-02-18,0.008701111453,0.007267291726,0.014490045364845524,0.007267291726,0.011561383481943367,0.03246537,0.02984174
2025-02-19,0.001236858537,0.008701111453,0.014333796823588436,0.008701111453,0.011436715183226366,0.03555381,0.031258766
2025-02-20,0.0,0.001236858537,0.014230911330268133,0.001236858537,0.01135462443657551,0.03337449,0.029972183
2025-02-21,0.004932192489,0.0,0.014009618150536885,0.0,0.011178058025056973,0.03839072,0.03382384
2025-02-24,0.003683245416,0.004932192489,0.013805193426399584,0.004932192489,0.011014950693821437,0.03558961,0.038583815
2025-02-25,0.001226241723,0.003683245416,0.013646253030691825,0.003683245416,0.010888134605998318,0.0530282,0.05246299
2025-02-26,0.006153865574,0.001226241723,0.013480186482361671,0.001226241723,0.010755632671019866,0.051144365,0.049732395
2025-02-27,0.0,0.006153865574,0.013320859794735851,0.006153865574,0.010628508366839363,0.038990997,0.040694226
2025-02-28,0.0,0.0,0.01327777767325307,0.0,0.010594133807261619,0.04120806,0.048267767
2025-03-03,0.003710579397,0.0,0.013123593812426775,0.0,0.01047111288518334,0.048573244,0.049192995
2025-03-04,0.003724399091,0.003710579397,0.012980266724268351,0.003710579397,0.010356754414396901,0.032062173,0.03427351
2025-03-05,0.003724399091,0.003724399091,0.012896663144516382,0.003724399091,0.010290048408884955,0.04045587,0.042355698
2025-03-06,0.008636697733,0.003724399091,0.012819647116506962,0.003724399091,0.010228598509201877,0.03791993,0.037399627
2025-03-07,0.005879487785,0.008636697733,0.0127130439434279,0.008636697733,0.010143541483269498,0.0329251,0.036650293
2025-03-10,0.0,0.005879487785,0.01273456987027883,0.005879487785,0.010160716687960826,0.032868527,0.039756045
2025-03-11,0.01204093673,0.0,0.012672983800206247,0.0,0.01011157811348939,0.03222975,0.0331066
2025-03-12,0.01720526172,0.01204093673,0.012561982577959603,0.01204093673,0.010023011952028545,0.0375596,0.039055604
2025-03-13,0.005017571992,0.01720526172,0.012860284214349553,0.01720526172,0.010261022222166316,0.030968525,0.037161395
2025-03-14,0.00125203472,0.005017571992,0.013492442316039474,0.005017571992,0.010765411411491153,0.03508838,0.037859276
2025-03-17,0.008808412306,0.00125203472,0.013357173665739684,0.00125203472,0.010657482643856308,0.028514663,0.03205983
2025-03-18,0.00506843457,0.008808412306,0.01320673951495447,0.008808412306,0.010537453557527296,0.028056752,0.03178688
2025-03-19,0.0,0.00506843457,0.013274853926138686,0.00506843457,0.010591800994579358,0.02805378,0.031670157
2025-03-20,0.008675736989,0.0,0.01320274299488371,0.0,0.010534264795865897,0.032795656,0.034765918
2025-03-21,0.009010229576,0.008675736989,0.01305383015311983,0.008675736989,0.010415449538517217,0.029132824,0.032452177
2025-03-24,0.01514208323,0.009010229576,0.013129196624287864,0.009010229576,0.010475583282264386,0.027777614,0.029431997
2025-03-25,0.003828000081,0.01514208323,0.01321306196779616,0.01514208323,0.010542498145036085,0.027170103,0.030778706
2025-03-26,0.01131408315,0.003828000081,0.013512219538136113,0.003828000081,0.010781191351657629,0.030813223,0.03258008
2025-03-27,0.0,0.01131408315,0.013391939604783716,0.01131408315,0.010685221849861355,0.025667997,0.031769782
2025-03-28,0.009092152517,0.0,0.013567550398602184,0.0,0.010825338990959445,0.039166518,0.04180672
2025-03-31,0.006502819117,0.009092152517,0.013393226407107358,0.009092152517,0.010686248569568194,0.032314178,0.03546764
2025-04-01,0.007808472783,0.006502819117,0.013458089803783942,0.006502819117,0.01073800207233767,0.034026697,0.036015637
2025-04-02,0.07232066158,0.007808472783,0.013357029731820595,0.007808472783,0.01065736780120449,0.025481433,0.030806113
2025-04-03,0.0,0.07232066158,0.013370599060441208,0.07232066158,0.010668194559011338,0.03714066,0.041713428
2025-04-04,0.07190642155,0.0,0.022296483842289293,0.0,0.017790020217953176,0.039010175,0.04530729
2025-04-08,0.03189476119,0.07190642155,0.02161273612013353,0.07190642155,0.017244468466960965,0.04656876,0.04349327
2025-04-09,0.0671838195,0.03189476119,0.027541088914164,0.03189476119,0.021974609632310408,0.04521278,0.048353102
2025-04-10,0.05746592936,0.0671838195,0.027789468717568454,0.0671838195,0.022172788042662074,0.044345174,0.0451554
2025-04-11,0.006580775052,0.05746592936,0.031348353636920546,0.05746592936,0.02501236737348726,0.024502754,0.032436363
2025-04-14,0.01348211369,0.006580775052,0.03323614680013072,0.006580775052,0.02651860839240186,0.025761014,0.025774764
2025-04-15,0.01394722748,0.01348211369,0.032051207372949524,0.01348211369,0.02557316351796739,0.024678467,0.030450523
2025-04-16,0.003940337212,0.01394722748,0.031095233055966648,0.01394722748,0.02481040636992269,0.027062947,0.030447647
2025-04-17,0.002534855603,0.003940337212,0.030203510911670683,0.003940337212,0.024098915038462915,0.030589927,0.030241054
2025-04-18,0.01960011616,0.002534855603,0.02915577179865164,0.002534855603,0.02326294017643573,0.02739043,0.024408331
2025-04-21,0.004312210218,0.01960011616,0.0281347994488398,0.01960011616,0.022448322101514245,0.028125761,0.027179759
2025-04-22,0.007176720914,0.004312210218,0.02762524173201156,0.004312210218,0.022041753866419034,0.028659469,0.028526789
2025-04-23,0.002856328706,0.007176720914,0.026706752351332786,0.007176720914,0.021308905370314053,0.02785757,0.02732946
2025-04-24,0.01291822185,0.002856328706,0.025845085768011984,0.002856328706,0.02062139490692263,0.022012118,0.020214433
2025-04-25,0.01279459152,0.01291822185,0.024985410321748523,0.01291822185,0.0199354731410477,0.024105389,0.023340343
2025-04-28,0.0,0.01279459152,0.02440372969425616,0.01279459152,0.01947135914905342,0.026563982,0.028178178
2025-04-29,0.008741314402,0.0,0.023852283780594154,0.0,0.019031368968424677,0.028558407,0.028603654
2025-05-05,0.002896873405,0.008741314402,0.02308897725388817,0.008741314402,0.018422338475605912,0.025978211,0.023783546
2025-05-06,0.001447387718,0.002896873405,0.022443177691656983,0.002896873405,0.017907064975528398,0.027781453,0.02608982
2025-05-07,0.01552201328,0.001447387718,0.021755356243068128,0.001447387718,0.01735826286111029,0.030601248,0.026177352
2025-05-08,0.01003304962,0.01552201328,0.021106913849947437,0.01552201328,0.016840880687069227,0.022909302,0.023915397
2025-05-09,0.004312210218,0.01003304962,0.020790278030176433,0.01003304962,0.016588241855076784,0.022685464,0.023623236
2025-05-12,0.01565422603,0.004312210218,0.020364615287767247,0.004312210218,0.01624861212479949,0.03493048,0.035590414
2025-05-13,0.04500414365,0.01565422603,0.019797862024273357,0.01565422603,0.015796408446073076,0.02455287,0.023551833
2025-05-14,0.001350803934,0.04500414365,0.019576820738399787,0.04500414365,0.015620043016774542,0.017710835,0.020818759
2025-05-15,0.02158848701,0.001350803934,0.02187556670608026,0.001350803934,0.017454176933594634,0.0178536,0.020268746
2025-05-16,0.01111122543,0.02158848701,0.021220144665576205,0.02158848701,0.016931225806666537,0.025143547,0.023376254
2025-05-19,0.0,0.01111122543,0.021322347903897948,0.01111122543,0.01701277219258751,0.025236925,0.02672991
2025-05-20,0.0,0.0,0.020900012484798097,0.0,0.016675797282207534,0.02857604,0.029241376
2025-05-21,0.005602255549,0.0,0.020289582988292417,0.0,0.016188745011486986,0.024430942,0.022879174
2025-05-22,0.003940337212,0.005602255549,0.019711866283629843,0.005602255549,0.01572779377231881,0.02824342,0.027536184
2025-05-23,0.0,0.003940337212,0.01923223851802925,0.003940337212,0.01534510618321372,0.029830663,0.02939264
2025-05-26,0.01233199485,0.0,0.018749889953437338,0.0,0.01496024771060041,0.03356911,0.034871593
2025-05-27,0.005555569845,0.01233199485,0.018256808412425087,0.01233199485,0.014566825561809849,0.024558386,0.024447955
2025-05-28,0.001386001608,0.005555569845,0.018004825106336744,0.005555569845,0.014365771972301896,0.028301442,0.027603878
2025-05-29,0.01256122587,0.001386001608,0.017587535222599468,0.001386001608,0.014032822816688701,0.028809464,0.025926756
2025-05-30,0.008179427918,0.01256122587,0.017168973171273208,0.01256122587,0.013698858618197503,0.025589641,0.02484814
2025-06-02,0.005648137015,0.008179427918,0.017091190448115592,0.008179427918,0.013636796984292838,0.025886092,0.025143161
2025-06-03,0.004233109186,0.005648137015,0.016842661130261515,0.005648137015,0.013438499278670201,0.029962817,0.029845146
2025-06-04,0.007095247589,0.004233109186,0.016496964855917493,0.004233109186,0.013162673558644034,0.024529263,0.02258938
2025-06-05,0.007145950088,0.007095247589,0.016183743344471802,0.007095247589,0.01291275895055018,0.020740692,0.020677412
2025-06-06,0.0,0.007145950088,0.015962375661127626,0.007145950088,0.012736133093749163,0.023105232,0.02350831
2025-06-09,0.001435338269,0.0,0.01575774139997044,0.0,0.012572858576160544,0.027118025,0.02932222
2025-06-10,0.004318417536,0.001435338269,0.01544056729359029,0.001435338269,0.012319790253593376,0.035688534,0.039018303
2025-06-11,0.007187036829,0.004318417536,0.015153006342587589,0.004318417536,0.012090349810498531,0.028629716,0.027469398
2025-06-12,0.0071357517,0.007187036829,0.014928903197388736,0.007187036829,0.011911541370917005,0.031390212,0.032452304
2025-06-13,0.008496227829,0.0071357517,0.014739885305074071,0.0071357517,0.011760726912923635,0.02691282,0.02585622
2025-06-16,0.001409046309,0.008496227829,0.014562693314100152,0.008496227829,0.011619348159027624,0.029625397,0.024685511
2025-06-17,0.007065169985,0.001409046309,0.014436462891066855,0.001409046309,0.011518630853385742,0.02814236,0.02565004
2025-06-18,0.004245089154,0.007065169985,0.014201826396668383,0.007065169985,0.011331418017104293,0.031673573,0.029430643
2025-06-19,0.005351371734,0.004245089154,0.014121539466872841,0.004245089154,0.011267358315386167,0.026842125,0.022386897
2025-06-20,0.003940337212,0.005351371734,0.013929998246728277,0.005351371734,0.011114530533075477,0.028098384,0.029145397
2025-06-23,0.003940337212,0.003940337212,0.01376988260243406,0.003940337212,0.010986776732550118,0.032867566,0.032607913
2025-06-24,0.003940337212,0.003940337212,0.013633450816439826,0.003940337212,0.010877919916902557,0.02249573,0.02662875
2025-06-25,0.004239090706,0.003940337212,0.013471486281754819,0.003940337212,0.01074869091527977,0.035926722,0.037138343
2025-06-26,0.01098447885,0.004239090706,0.013356638323803117,0.004239090706,0.01065705550279037,0.03311088,0.034022775
2025-06-27,0.005586606709,0.01098447885,0.01325709884566161,0.01098447885,0.010577634489990887,0.02900548,0.0346158
2025-06-30,0.008321823337,0.005586606709,0.013328012551130268,0.005586606709,0.010634215440733652,0.0434464,0.04620963
2025-07-01,0.005540180376,0.008321823337,0.013215672091037231,0.008321823337,0.010544580722071926,0.02908956,0.029935509
2025-07-02,0.002781642962,0.005540180376,0.013185796666080662,0.005540180376,0.010520743581751656,0.03549943,0.03916566
2025-07-03,0.006939653111,0.002781642962,0.013134076075034846,0.002781642962,0.0104794765206806,0.03230866,0.035821285
2025-07-04,0.01754912051,0.006939653111,0.013020802476126869,0.006939653111,0.010389097264965348,0.033956688,0.03500128
2025-07-07,0.008121322385,0.01754912051,0.012964085016581956,0.01754912051,0.010343843279666502,0.032013405,0.03502902
2025-07-08,0.01843247057,0.008121322385,0.013454393962180518,0.008121322385,0.010735053217383127,0.03552136,0.038416866
2025-07-09,0.001322576572,0.01843247057,0.01339937961360854,0.01843247057,0.010691158118034918,0.031176593,0.035481688
2025-07-10,0.001320829673,0.001322576572,0.013905712339694804,0.001322576572,0.011095153182808374,0.03453207,0.03784965
2025-07-11,0.008935670494,0.001320829673,0.013706288051033971,0.001320829673,0.010936035621836803,0.03876794,0.040627364
2025-07-14,0.0142294891,0.008935670494,0.013520398756867504,0.008935670494,0.010787717424002835,0.03563044,0.03692121
2025-07-15,0.007930255676,0.0142294891,0.013487581085937115,0.0142294891,0.01076153271104597,0.037007987,0.040591884
2025-07-16,0.002636437066,0.007930255676,0.013829793289876949,0.007930255676,0.011034578545087884,0.037274174,0.036116704
2025-07-17,0.001319087383,0.002636437066,0.013740320301259698,0.002636437066,0.01096318942886129,0.03500161,0.037341755
2025-07-18,0.006612905993,0.001319087383,0.013581276286721728,0.001319087383,0.010836290665173337,0.035369273,0.04153994
2025-07-21,0.02074926706,0.006612905993,0.013403946705708832,0.006612905993,0.010694802130309506,0.03516824,0.038651347
2025-07-22,0.005212417327,0.02074926706,0.013369648480916572,0.02074926706,0.010667436106284815,0.03485227,0.040282402
2025-07-23,0.003911857903,0.005212417327,0.01406430165036153,0.005212417327,0.011221689145297723,0.03511231,0.0405674
2025-07-24,0.0,0.003911857903,0.013937563848818817,0.003911857903,0.011120567010176696,0.035460755,0.03675385
2025-07-25,0.01421396201,0.0,0.013754178911888671,0.0,0.010974247000316326,0.034554757,0.038816206
2025-07-28,0.05214451351,0.01421396201,0.013567058244788337,0.01421396201,0.010824946309029837,0.03475526,0.037302494
2025-07-29,0.01848184386,0.05214451351,0.013775723162226994,0.05214451351,0.010991436825035346,0.03574833,0.04010702
2025-07-30,0.006656927792,0.01848184386,0.018817442178455625,0.01848184386,0.015014146587990381,0.033976253,0.03994691
2025-07-31,0.0172464528,0.006656927792,0.018812375328180996,0.006656927792,0.015010103826384355,0.029711695,0.029996304
2025-08-01,0.02257553549,0.0172464528,0.018410142877975755,0.0172464528,0.014689168764511686,0.034564245,0.036536522
2025-08-04,0.0181703485,0.02257553549,0.018483627110563432,0.02257553549,0.014747800699155841,0.022453412,0.02872365
2025-08-05,0.01938295596,0.0181703485,0.018763052123430643,0.0181703485,0.01497074960282473,0.028797071,0.03231018
2025-08-06,0.02352454505,0.01938295596,0.018745115230772633,0.01938295596,0.014956438033104126,0.022462634,0.023138264
2025-08-07,0.01867326527,0.02352454505,0.018797526674136283,0.02352454505,0.014998256314573376,0.021824628,0.026921673
2025-08-08,0.01265519294,0.01867326527,0.019113311384009166,0.01867326527,0.015250216059118561,0.028473385,0.029904032
2025-08-11,0.03168581907,0.01265519294,0.019213115567632576,0.01265519294,0.015329848276335213,0.024434688,0.02330669
2025-08-12,0.003417137814,0.03168581907,0.018909085362419226,0.03168581907,0.015087267269577756,0.021422135,0.024902271
2025-08-13,0.01913122884,0.003417137814,0.019880585895107664,0.003417137814,0.01586241254542162,0.028797057,0.030286092
2025-08-14,0.02772551133,0.01913122884,0.019353849224502707,0.01913122884,0.01544213748833722,0.025491608,0.027728798
2025-08-15,0.004944385845,0.02772551133,0.019341969543317045,0.02772551133,0.01543265887413192,0.027198732,0.031496353
2025-08-18,0.001238390251,0.004944385845,0.020087980260302608,0.004944385845,0.016027889307408175,0.025014095,0.026399493
2025-08-19,0.003719781103,0.001238390251,0.01957399844919012,0.001238390251,0.015617791155788029,0.020032652,0.021689188
2025-08-20,0.03850378159,0.003719781103,0.019033694003742545,0.003719781103,0.015186690580632253,0.03148313,0.031411044
2025-08-21,0.02222313678,0.03850378159,0.01855929306491575,0.03850378159,0.014808173395911969,0.018978976,0.022229653
2025-08-22,0.05330114168,0.02222313678,0.02027523563363703,0.02222313678,0.01617729747871909,0.03050363,0.031402905
2025-08-25,0.01929477369,0.05330114168,0.020370837908903868,0.05330114168,0.016253577058132122,0.030249577,0.031535536
2025-08-26,0.02366550028,0.01929477369,0.02384406244236398,0.01929477369,0.019024809289581685,0.028670613,0.031037135
2025-08-27,0.007112405516,0.02366550028,0.023510571136890212,0.02366550028,0.01875872172578217,0.03483256,0.035455238
2025-08-28,0.008292903823,0.007112405516,0.023430137179821092,0.007112405516,0.018694544713272438,0.024985157,0.026358832
2025-08-29,0.014988571,0.008292903823,0.022773930117048202,0.008292903823,0.018170967229196155,0.024862835,0.02663137
2025-09-03,0.002327206077,0.014988571,0.022136212451739495,0.014988571,0.017662142149895088,0.027775835,0.029586874
2025-09-04,0.03388548342,0.002327206077,0.021730926615089022,0.002327206077,0.017338770838119605,0.020700982,0.021781776
2025-09-05,0.03158543872,0.03388548342,0.021091021083367592,0.03388548342,0.016828200093986726,0.028365029,0.030007854
2025-09-08,0.0,0.03158543872,0.02218213639098072,0.03158543872,0.01769878415198691,0.032143075,0.03198042
2025-09-09,0.00124300824,0.0,0.022937493011001665,0.0,0.01830147153700186,0.024917478,0.025766453
2025-09-10,0.00124300824,0.00124300824,0.022220718409036378,0.00124300824,0.017729568148518136,0.024438493,0.025503006
2025-09-11,0.007434978488,0.00124300824,0.021539559245990145,0.00124300824,0.017186081768874144,0.024295103,0.025827032
2025-09-12,0.03015792754,0.007434978488,0.020901122259309672,0.007434978488,0.01667668275415629,0.03067278,0.030676462
2025-09-15,0.003600147894,0.03015792754,0.02035011959492608,0.03015792754,0.01623704623528338,0.021454597,0.024694672
2025-09-16,0.02532397319,0.003600147894,0.021017841953208063,0.003600147894,0.016769811595859455,0.022161683,0.022943923
2025-09-17,0.004944385845,0.02532397319,0.020430867347747537,0.02532397319,0.016301473620579147,0.022680102,0.026996268
2025-09-18,0.02484132253,0.004944385845,0.020866147591878277,0.004944385845,0.016648777006993565,0.023795782,0.025357869
2025-09-19,0.02978570838,0.02484132253,0.020308438916934155,0.02484132253,0.016203789865829828,0.03245345,0.031332538
2025-09-22,0.003705995594,0.02978570838,0.020719567515257796,0.02978570838,0.016531823026936784,0.020159833,0.021970954
2025-09-23,0.00862605472,0.003705995594,0.021316695277096013,0.003705995594,0.017008262048934266,0.019242257,0.022187065
2025-09-24,0.007389196182,0.00862605472,0.020714921563520918,0.00862605472,0.016528116093775694,0.027557472,0.026315285
2025-09-25,0.008690309192,0.007389196182,0.020199235343529062,0.007389196182,0.016116658020625403,0.028834645,0.03372072
2025-09-26,0.006003019528,0.008690309192,0.01973237064867178,0.008690309192,0.015744153888614835,0.027536724,0.028556542
2025-09-29,0.00755480803,0.006003019528,0.019329893568863797,0.006003019528,0.015423023640559023,0.023738908,0.02412359
2025-09-30,0.001263104879,0.00755480803,0.01888120831829361,0.00755480803,0.015065024606469106,0.020365026,0.02156984
2025-10-01,0.001261511458,0.001263104879,0.018498445707270966,0.001263104879,0.014759624228681547,0.021707226,0.022176957
2025-10-02,0.007593050908,0.001261511458,0.0180179258621179,0.001261511458,0.01437622486307453,0.01986833,0.022637056
2025-10-03,0.02360139677,0.007593050908,0.017564683943184542,0.007593050908,0.01401459013364894,0.024653064,0.026041728
2025-10-06,0.006222795438,0.02360139677,0.017266476914418898,0.02360139677,0.013776655349473936,0.023815658,0.023883108
2025-10-07,0.0012492194,0.006222795438,0.0177419650141918,0.006222795438,0.014156039963128227,0.02418072,0.02440006
2025-10-08,0.008711940602,0.0012492194,0.017394889633213388,0.0012492194,0.01387911387521078,0.023155661,0.024019979
2025-10-09,0.009864444971,0.008711940602,0.016986505737674847,0.008711940602,0.013553270670080048,0.02500202,0.026264472
2025-10-10,0.007389196182,0.009864444971,0.016700056115485834,0.009864444971,0.01332471693908762,0.025602676,0.024241792
2025-10-13,0.02123752524,0.007389196182,0.01646718698040995,0.007389196182,0.013138914251523056,0.026007362,0.027209891
2025-10-14,0.006333143397,0.02123752524,0.016235597055723184,0.02123752524,0.012954132226177988,0.028772922,0.027507046
2025-10-15,0.01011386624,0.006333143397,0.016795839680014482,0.006333143397,0.013401141166403695,0.023913316,0.025536155
2025-10-16,0.01776696481,0.01011386624,0.016511960439616526,0.01011386624,0.01317463830335772,0.026966874,0.026428236
2025-10-17,0.0675306157,0.01776696481,0.016300165166120872,0.01776696481,0.013005650124584519,0.032968443,0.03397162
2025-10-20,0.01495609115,0.0675306157,0.01659781312582755,0.0675306157,0.01324313883618895,0.023916794,0.028003698
2025-10-21,0.004040409537,0.01495609115,0.023350443443983467,0.01495609115,0.018630958311854896,0.024831662,0.024048183
2025-10-22,0.008097210233,0.004040409537,0.022867933801704977,0.004040409537,0.018245971317842377,0.03215514,0.032657024
2025-10-23,0.0,0.008097210233,0.02216579697717188,0.008097210233,0.017685747185976267,0.031789113,0.031300887
2025-10-24,0.01089929046,0.0,0.02160287918251738,0.0,0.017236603768620243,0.027184518,0.032597385
2025-10-27,0.01630470902,0.01089929046,0.02095529898602166,0.01089929046,0.016719909527954623,0.031280972,0.031203749
2025-10-28,0.01869213301,0.01630470902,0.020548533008244746,0.01630470902,0.016395357234426543,0.018736497,0.022874644
2025-10-29,0.002642009463,0.01869213301,0.020304130732630057,0.01869213301,0.016200352432088495,0.02034054,0.022707367
2025-10-30,0.01328040767,0.002642009463,0.020194208632498264,0.002642009463,0.01611264728550231,0.01878963,0.019063031
2025-10-31,0.008053734807,0.01328040767,0.019624169335591385,0.01328040767,0.01565782173144939,0.018534696,0.02223698
2025-11-03,0.02133414247,0.008053734807,0.0193994432324912,0.008053734807,0.01547851624337636,0.024844054,0.027355343
2025-11-04,0.01959566295,0.02133414247,0.0189987860042108,0.02133414247,0.01515883802675736,0.019268462,0.022917442
2025-11-05,0.00388853374,0.01959566295,0.019148854831453448,0.01959566295,0.015278575627072062,0.018169653,0.01989633
2025-11-06,0.02631730832,0.00388853374,0.01918021285396004,0.00388853374,0.01530359570908738,0.02105471,0.021698639
2025-11-07,0.002670228556,0.02631730832,0.018700026325398297,0.02631730832,0.014920462291642442,0.022814697,0.0262711
2025-11-10,0.01591545531,0.002670228556,0.019399588130711416,0.002670228556,0.01547863185542916,0.023727288,0.025261527
2025-11-11,0.006557400546,0.01591545531,0.018890284702306758,0.01591545531,0.015072266513141115,0.011919784,0.017013373
2025-11-12,0.001306335914,0.006557400546,0.018746812054748305,0.006557400546,0.014957791902756715,0.016931133,0.016809706
2025-11-13,0.001304631627,0.001306335914,0.01830278208525732,0.001306335914,0.014603507245566088,0.018371252,0.020998603
2025-11-14,0.00130293178,0.001304631627,0.01783336436154719,0.001304631627,0.014228966091250551,0.026418293,0.025844663
2025-11-17,0.0,0.00130293178,0.017390744794094453,0.00130293178,0.013875806772070771,0.034140326,0.031653315
2025-11-18,0.007843177461,0.0,0.016973750513508946,0.0,0.013543093473648496,0.03330673,0.029169535
2025-11-19,0.003944778291,0.007843177461,0.016582923570790956,0.007843177461,0.013231258690108025,0.026567593,0.023389533
2025-11-20,0.009265453446,0.003944778291,0.01635788021392597,0.003944778291,0.013051700070154203,0.035741318,0.033003148
2025-11-21,0.00132890385,0.009265453446,0.01604796493488029,0.009265453446,0.012804423453846744,0.03128126,0.029168481
2025-11-24,0.0174150416,0.00132890385,0.015911269809930535,0.00132890385,0.012695356524112316,0.02624108,0.024722233
2025-11-25,0.009414998935,0.0174150416,0.015582845201290621,0.0174150416,0.012433311599490807,0.024039242,0.026489362
2025-11-26,0.005340466631,0.009414998935,0.01592738004368447,0.009414998935,0.012708210630895507,0.024400983,0.024117194
2025-11-27,0.0120564086,0.005340466631,0.015733132638079902,0.005340466631,0.012553223624987609,0.023601092,0.022471473
2025-11-28,0.004051322219,0.0120564086,0.015451992846433796,0.0120564086,0.012328906525805847,0.02322131,0.022041555
2025-12-01,0.002710028759,0.004051322219,0.015486217916563452,0.004051322219,0.012356214180854695,0.025911082,0.02283158
2025-12-02,0.04120184096,0.002710028759,0.01523447342260398,0.002710028759,0.012155351135857303,0.02905253,0.023537656
2025-12-03,0.005221943981,0.04120184096,0.014975794502710171,0.04120184096,0.01194895521946887,0.018053958,0.020681463
2025-12-04,0.01052641299,0.005221943981,0.01769779715232754,0.005221943981,0.014120799108063062,0.02297434,0.021742841
2025-12-05,0.007968169649,0.01052641299,0.017330175114055754,0.01052641299,0.013827479159515123,0.020360088,0.019038402
2025-12-08,0.001334223013,0.007968169649,0.017150938873542777,0.007968169649,0.01368446933047347,0.026736813,0.026458131
2025-12-09,0.006653384491,0.001334223013,0.016891576804327724,0.001334223013,0.013477528339788896,0.025363177,0.025044043
2025-12-10,0.002656044058,0.006653384491,0.016513749566771426,0.006653384491,0.013176065820291929,0.023339784,0.02012216
2025-12-11,0.01608613775,0.002656044058,0.01620760483780121,0.002656044058,0.012931797667675415,0.024708342,0.021410035
2025-12-12,0.0,0.01608613775,0.015886244722277676,0.01608613775,0.012675389393041362,0.03027567,0.027943928
2025-12-15,0.01075279178,0.0,0.016112860768570127,0.0,0.012856202837608296,0.033414222,0.031105345
2025-12-16,0.01591545531,0.01075279178,0.015773822842068238,0.01075279178,0.012585689710525823,0.025375318,0.02612934
2025-12-17,0.0,0.01591545531,0.01563695973974379,0.01591545531,0.012476488754237562,0.017629337,0.019815562
2025-12-18,0.007926065272,0.0,0.015754390713367056,0.0,0.012570185115051615,0.028250476,0.026817838
2025-12-19,0.01839736514,0.007926065272,0.015437424396464394,0.007926065272,0.012317282584500433,0.026148085,0.02579478
2025-12-22,0.01047129987,0.01839736514,0.015295633765171197,0.01839736514,0.012204150028925099,0.02702511,0.028697914
2025-12-23,0.01047129987,0.01047129987,0.015598303601085616,0.01047129987,0.012445645618021951,0.025574116,0.024278358
2025-12-24,0.01036278704,0.01047129987,0.01554553513985695,0.01047129987,0.012403542477510273,0.018225312,0.018894332
2025-12-25,0.0,0.01036278704,0.015414881323609447,0.01036278704,0.012299295814716416,0.024155995,0.025667721
2025-12-26,0.0,0.0,0.015289804998193322,0.0,0.012199499345744935,0.025038317,0.027669478
2025-12-29,0.01534556967,0.0,0.015001934200927354,0.0,0.011969811681100407,0.033574793,0.035476003
2025-12-30,0.01277156568,0.01534556967,0.014732389142829013,0.01534556967,0.01175474584080303,0.025065213,0.028278306
2025-12-31,0.01163555467,0.01277156568,0.014898039997425106,0.01277156568,0.011886916100169053,0.03263866,0.03015386
2026-01-05,0.01163555467,0.01163555467,0.015017407645173016,0.01163555467,0.011982157703366464,0.028480416,0.02592601
2026-01-06,0.05135755967,0.01163555467,0.015066625268078225,0.01163555467,0.012021427684801949,0.03713303,0.040371552
2026-01-07,0.05001042057,0.05135755967,0.015018244211804128,0.05135755967,0.011982825186965512,0.027860634,0.033575308
2026-01-08,0.06736553183,0.05001042057,0.019224064534540314,0.05001042057,0.01533858428798764,0.028419912,0.03185448
2026-01-09,0.06718160492,0.06736553183,0.022223865183728056,0.06736553183,0.01773207891146095,0.029648464,0.033004593
2026-01-12,0.03491626511,0.06718160492,0.026987518492494953,0.06718160492,0.021532924339543544,0.03591782,0.040095784
2026-01-13,0.06637506894,0.03491626511,0.030697339095262885,0.03491626511,0.024492932921840457,0.031923097,0.037880916
2026-01-14,0.07227479107,0.06637506894,0.030744584836641106,0.06637506894,0.024530629569449822,0.033129007,0.03393914
2026-01-15,0.007858586613,0.07227479107,0.033694479715947336,0.07227479107,0.026884305149639697,0.04010971,0.04234952
2026-01-16,0.01745922137,0.007858586613,0.03709312558732348,0.007858586613,0.029596032218047123,0.04430814,0.046576556
2026-01-19,0.02281467777,0.01745922137,0.03574281731739217,0.01745922137,0.028518642097144505,0.04266105,0.041326486
2026-01-20,0.003766482795,0.02281467777,0.03464936574712348,0.02281467777,0.02764619397124147,0.036555983,0.033596125
2026-01-21,0.01904819497,0.003766482795,0.033795409664847516,0.003766482795,0.026964835597589772,0.036983524,0.038654566
2026-01-22,0.023347364,0.01904819497,0.03257668615131435,0.01904819497,0.02599243492225424,0.026800001,0.030735336
2026-01-23,0.03291681501,0.023347364,0.03177525453574421,0.023347364,0.025352985009651524,0.02854087,0.029410753
2026-01-26,0.001902950146,0.03291681501,0.0312045398073347,0.03291681501,0.024897620539230777,0.024275228,0.031296205
2026-01-27,0.01339732957,0.001902950146,0.031083583506615074,0.001902950146,0.02480111137435476,0.029830746,0.033417247
2026-01-28,0.0,0.01339732957,0.02997017728006267,0.01339732957,0.02391274173628682,0.031465493,0.036624145
2026-01-29,0.03781168774,0.0,0.029122816359563517,0.0,0.023236645540392842,0.030732421,0.030773431
2026-01-30,0.02020270732,0.03781168774,0.02810200848272248,0.03781168774,0.022422158695915424,0.027096188,0.026331814
2026-02-02,0.01649899938,0.02020270732,0.028587699669972162,0.02020270732,0.02280968419553996,0.027377857,0.02805458
2026-02-03,0.0205422723,0.01649899938,0.027989064697667248,0.01649899938,0.022332042593581215,0.036097646,0.037816454
2026-02-04,0.02871010588,0.0205422723,0.02735951215247965,0.0205422723,0.021829732337561882,0.027100548,0.02393811
2026-02-05,0.001943635209,0.02871010588,0.02694427294343834,0.02871010588,0.02149841938362783,0.035842344,0.039730605
2026-02-06,0.01568659617,0.001943635209,0.027025897765840603,0.001943635209,0.02156354656920087,0.03147146,0.03148519
2026-02-09,0.07167857527,0.01568659617,0.02611454456684785,0.01568659617,0.02083639192228625,0.026243811,0.028111668
2026-02-10,0.02929079692,0.07167857527,0.02556679114385393,0.07167857527,0.020399347922952484,0.035008524,0.031027773
2026-02-11,0.01978200895,0.02929079692,0.030462782685673154,0.02929079692,0.02430578398399146,0.02805225,0.031066846
2026-02-12,0.01376411354,0.01978200895,0.030183593143837277,0.01978200895,0.024083022959022985,0.020533897,0.027226456
2026-02-13,0.04584135935,0.01376411354,0.02955373642831415,0.01376411354,0.023580470010189078,0.029926568,0.034207307
2026-02-23,0.007153837357,0.04584135935,0.028740174052386856,0.04584135935,0.022931341151186595,0.027935859,0.029283874
2026-02-24,0.0051413995,0.007153837357,0.02983178733415258,0.007153837357,0.023802322535074815,0.02173234,0.02576754
2026-02-25,0.001031459607,0.0051413995,0.02884572897299674,0.0051413995,0.023015561792657995,0.027163738,0.030163895
2026-02-26,0.01141683392,0.001031459607,0.02787774033434874,0.001031459607,0.022243218602848173,0.023435818,0.027005393
