ds,actual,naive_pred,garch_pred,naive_error,garch_error
2024-08-23,0.01005876041784621,0.0,0.016808762557820073,0.01005876041784621,0.006750002139973862
2024-08-26,0.010058760417846238,0.0,0.016245187891831873,0.010058760417846238,0.006186427473985635
2024-08-27,0.007553539900909121,0.0,0.015761897454418014,0.007553539900909121,0.008208357553508893
2024-08-28,0.0012533947744931152,0.0,0.015206796382321705,0.0012533947744931152,0.01395340160782859
2024-08-29,0.0029184927949132172,0.0,0.014602281402507394,0.0029184927949132172,0.011683788607594177
2024-08-30,0.0012481798999327374,0.0,0.014052412345774175,0.0012481798999327374,0.012804232445841437
2024-09-04,0.007043741573175952,0.0,0.013533218916801844,0.007043741573175952,0.006489477343625892
2024-09-05,0.008291921473108723,0.0,0.013142430835476447,0.008291921473108723,0.004850509362367724
2024-09-06,0.01405562618985872,0.0,0.012858871971069266,0.01405562618985872,0.0011967542187894548
2024-09-09,0.0012322860462650562,0.0,0.012831585739314316,0.0012322860462650562,0.011599299693049259
2024-09-10,0.01449000719606301,0.0,0.012411961377797731,0.01449000719606301,0.002078045818265279
2024-09-11,0.0,0.0,0.01252461380421891,0.0,0.01252461380421891
2024-09-12,0.0016666670524692463,0.0,0.012123240573717243,0.0016666670524692463,0.010456573521247996
2024-09-13,0.002918492794913206,0.0,0.011756856602439103,0.002918492794913206,0.008838363807525897
2024-09-16,0.007123432594288412,0.0,0.011445715960356402,0.007123432594288412,0.004322283366067991
2024-09-17,0.008375258336732489,0.0,0.011275644659413681,0.008375258336732489,0.002900386322681192
2024-09-18,0.021452967951313125,0.0,0.011131348771250814,0.021452967951313125,0.010321619180062311
2024-09-19,0.008130126083250089,0.0,0.01190918435889881,0.008130126083250089,0.003779058275648721
2024-09-20,0.0,0.0,0.011695192646829531,0.0,0.011695192646829531
2024-09-23,0.00243210496861244,0.0,0.011361515297541883,0.00243210496861244,0.008929410328929443
2024-09-24,0.004050228299022738,0.0,0.011076766603962637,0.004050228299022738,0.0070265383049398986
2024-09-25,0.001618123330410263,0.0,0.010826959856314532,0.001618123330410263,0.00920883652590427
2024-09-26,0.011272261063500122,0.0,0.010578524412446631,0.011272261063500122,0.000693736651053491
2024-09-27,0.016279891019155446,0.0,0.01064519295828373,0.016279891019155446,0.005634698060871716
2024-09-30,0.0011822661475619034,0.0,0.011041561760742119,0.0011822661475619034,0.009859295613180215
2024-10-01,0.012299302038151293,0.0,0.010769992295310048,0.012299302038151293,0.0015293097428412446
2024-10-02,0.01407058389694233,0.0,0.01093657056552472,0.01407058389694233,0.00313401333141761
2024-10-03,0.005652013431346623,0.0,0.011202901763683756,0.005652013431346623,0.005550888332337133
2024-10-04,0.016643371795628876,0.0,0.01097698273616996,0.016643371795628876,0.005666389059458916
2024-10-07,0.005714301263438635,0.0,0.011436697765947764,0.005714301263438635,0.005722396502509129
2024-10-08,0.0016293282626897699,0.0,0.011191213811205735,0.0016293282626897699,0.009561885548515964
2024-10-09,0.009736385230870203,0.0,0.010910998238267052,0.009736385230870203,0.0011746130073968485
2024-10-10,0.001613554202441474,0.0,0.010862193544597108,0.001613554202441474,0.009248639342155633
2024-10-11,0.0028174701672691593,0.0,0.010602120575555705,0.0028174701672691593,0.007784650408286546
2024-10-14,0.005642900906636853,0.0,0.010375994978267654,0.005642900906636853,0.004733094071630801
2024-10-15,0.002825430739367876,0.0,0.010258035089839539,0.002825430739367876,0.007432604350471663
2024-10-16,0.004022531570379467,0.0,0.010063375040856814,0.004022531570379467,0.006040843470477347
2024-10-17,0.006801386490630826,0.0,0.009906293871367003,0.006801386490630826,0.0031049073807361766
2024-10-18,0.008006447893741256,0.0,0.009841065830832005,0.008006447893741256,0.001834617937090749
2024-10-21,0.021121825029282434,0.0,0.009874653546115688,0.021121825029282434,0.011247171483166746
2024-10-22,0.014055626189858832,0.0,0.010950483350606277,0.014055626189858832,0.0031051428392525546
2024-10-23,0.0012481798999327374,0.0,0.01121392550471968,0.0012481798999327374,0.009965745604786943
2024-10-24,0.005420067469339145,0.0,0.010921643312621033,0.005420067469339145,0.005501575843281889
2024-10-25,0.007553539900909172,0.0,0.010743716916195073,0.007553539900909172,0.0031901770152859017
2024-10-28,0.0029442713172494906,0.0,0.010660256807030019,0.0029442713172494906,0.0077159854897805285
2024-10-29,0.007114489100596867,0.0,0.010430498849389002,0.007114489100596867,0.003316009748792135
2024-10-30,0.00543593226501791,0.0,0.01032293690781409,0.00543593226501791,0.004887004642796181
2024-10-31,0.026888900216331,0.0,0.01020349019991801,0.026888900216331,0.016685410016412987
2024-11-01,0.002861232281032235,0.0,0.011764393176801021,0.002861232281032235,0.008903160895768786
2024-11-04,0.002861232281032195,0.0,0.011451673278797645,0.002861232281032195,0.008590440997765451
2024-11-05,0.018538120998911112,0.0,0.011151547676475427,0.018538120998911112,0.0073865733224356845
2024-11-06,0.024236142113548898,0.0,0.011748297003865055,0.024236142113548898,0.012487845109683843
2024-11-07,0.008559253395669948,0.0,0.012698891866700887,0.008559253395669948,0.004139638471030939
2024-11-08,0.016925068617811585,0.0,0.012466250541316101,0.016925068617811585,0.004458818076495483
2024-11-11,0.001666667052469229,0.0,0.012744654495469155,0.001666667052469229,0.011077987442999926
2024-11-12,0.01258933958356332,0.0,0.012335742034810908,0.01258933958356332,0.0002535975487524128
2024-11-13,0.004656093067765202,0.0,0.012338549499291368,0.004656093067765202,0.007682456431526165
2024-11-14,0.02187520210712684,0.0,0.012012870085012704,0.02187520210712684,0.009862332022114135
2024-11-15,0.01485392098796235,0.0,0.012783540559932303,0.01485392098796235,0.0020703804280300473
2024-11-18,0.0057055234872631115,0.0,0.012876825555474413,0.0057055234872631115,0.007171302068211301
2024-11-19,0.0017490166242615523,0.0,0.012506759991348508,0.0017490166242615523,0.010757743367086955
2024-11-20,0.01903995206886311,0.0,0.01210976651919324,0.01903995206886311,0.006930185549669869
2024-11-21,0.02914673061849892,0.0,0.012522782769979729,0.02914673061849892,0.016623947848519192
2024-11-22,0.0,0.0,0.013863465647222063,0.0,0.013863465647222063
2024-11-25,0.00290999997494259,0.0,0.0133579349867229,0.00290999997494259,0.01044793501178031
2024-11-26,0.005381921498166071,0.0,0.012902916240687234,0.005381921498166071,0.007520994742521163
2024-11-27,0.004137366265961394,0.0,0.012523498257122071,0.004137366265961394,0.008386131991160676
2024-11-28,0.007023371155096266,0.0,0.012170586132456347,0.007023371155096266,0.005147214977360081
2024-11-29,0.009832115256316883,0.0,0.011896169215631096,0.009832115256316883,0.002064053959314213
2024-12-02,0.0028495846679191337,0.0,0.011751346005868196,0.0028495846679191337,0.008901761337949062
2024-12-03,0.001624695727001983,0.0,0.011425672169872048,0.001624695727001983,0.009800976442870065
2024-12-04,0.017192400540372875,0.0,0.011117104272694477,0.017192400540372875,0.006075296267678398
2024-12-05,0.030896766572485423,0.0,0.011602188630120115,0.030896766572485423,0.019294577942365308
2024-12-06,0.004011236826452951,0.0,0.013346160157168767,0.004011236826452951,0.009334923330715816
2024-12-09,0.005211477018549132,0.0,0.012923282550121469,0.005211477018549132,0.007711805531572337
2024-12-10,0.00280280463763726,0.0,0.012538590051741504,0.00280280463763726,0.009735785414104244
2024-12-11,0.0,0.0,0.012160366125184554,0.0,0.012160366125184554
2024-12-12,0.0012036109778014294,0.0,0.011788383766764424,0.0012036109778014294,0.010584772788962995
2024-12-13,0.001203610977801301,0.0,0.011453376748321167,0.001203610977801301,0.010249765770519866
2024-12-16,0.002408672380911767,0.0,0.011140564376684266,0.002408672380911767,0.008731891995772498
2024-12-17,0.0,0.0,0.010874727963046291,0.0,0.010874727963046291
2024-12-18,0.0,0.0,0.010611019254885154,0.0,0.010611019254885154
2024-12-19,0.0016090108057006626,0.0,0.010370541011083185,0.0016090108057006626,0.008761530205382524
2024-12-20,0.0012084593615683834,0.0,0.010163041955714686,0.0012084593615683834,0.008954582594146302
2024-12-23,0.0028174701672691593,0.0,0.009970388292976484,0.0028174701672691593,0.007152918125707324
2024-12-24,0.0016090108057006626,0.0,0.009802444846200586,0.0016090108057006626,0.008193434040499922
2024-12-25,0.05368576027003698,0.0,0.009647901665008424,0.05368576027003698,0.044037858605028554
2024-12-26,0.0,0.0,0.015692430216157353,0.0,0.015692430216157353
2024-12-27,0.015897382490525833,0.0,0.0150523230419842,0.015897382490525833,0.0008450594485416331
2024-12-30,0.0026251655803630437,0.0,0.014903367221253367,0.0026251655803630437,0.012278201640890322
2024-12-31,0.028877386517905956,0.0,0.014328570308372706,0.028877386517905956,0.01454881620953325
2025-01-02,0.008063011622633938,0.0,0.015418899535415562,0.008063011622633938,0.007355887912781625
2025-01-03,0.023994959257539392,0.0,0.014904141865038426,0.023994959257539392,0.009090817392500967
2025-01-06,0.0,0.0,0.015433946197504553,0.0,0.015433946197504553
2025-01-07,0.006636760647781655,0.0,0.014812416455983322,0.006636760647781655,0.008175655808201667
2025-01-08,0.009295186987123677,0.0,0.014308334811140301,0.009295186987123677,0.005013147824016625
2025-01-09,0.010852819700807554,0.0,0.013922858203002555,0.010852819700807554,0.0030700385021950015
2025-01-10,0.0027242671061624276,0.0,0.013675116945932018,0.0027242671061624276,0.01095084983976959
2025-01-13,0.005426369904284965,0.0,0.013193688473845238,0.005426369904284965,0.007767318569560273
2025-01-14,0.019910866628912633,0.0,0.01279137933213588,0.019910866628912633,0.007119487296776753
2025-01-15,0.005535799032251752,0.0,0.013265573198028811,0.005535799032251752,0.00772977416577706
2025-01-16,0.0011888251845953283,0.0,0.012883697602520389,0.0011888251845953283,0.011694872417925061
2025-01-17,0.011028075532023637,0.0,0.012454297700303462,0.011028075532023637,0.0014262221682798254
2025-01-20,0.002738120232124411,0.0,0.01230882142663027,0.002738120232124411,0.00957070119450586
2025-01-21,0.0,0.0,0.011935752140895624,0.0,0.011935752140895624
2025-01-22,0.0,0.0,0.011582152821192971,0.0,0.011582152821192971
2025-01-23,0.0212568390254149,0.0,0.011257924368478757,0.0212568390254149,0.009998914656936142
2025-01-24,0.0026804534524797244,0.0,0.011995871219381964,0.0026804534524797244,0.009315417766902239
2025-02-03,0.0011496456525854066,0.0,0.011660756835259592,0.0011496456525854066,0.010511111182674185
2025-02-04,0.03499886846372595,0.0,0.011330346378973542,0.03499886846372595,0.023668522084752407
2025-02-05,0.0014803851704342195,0.0,0.013684253038522979,0.0014803851704342195,0.012203867868088759
2025-02-06,0.004065797506245128,0.0,0.013200054659046005,0.004065797506245128,0.009134257152800876
2025-02-07,0.03230184666462989,0.0,0.01277231333277417,0.03230184666462989,0.019529533331855718
2025-02-10,0.012217183938591752,0.0,0.014434024447409637,0.012217183938591752,0.002216840508817885
2025-02-11,0.00971405372047329,0.0,0.014203167606247912,0.00971405372047329,0.0044891138857746215
2025-02-12,0.005025136202673043,0.0,0.013841673912956072,0.005025136202673043,0.00881653771028303
2025-02-13,0.00859912142228464,0.0,0.013400381846355544,0.00859912142228464,0.004801260424070903
2025-02-14,0.007160789638897587,0.0,0.013068805172742155,0.007160789638897587,0.005908015533844568
2025-02-17,0.01011203993887587,0.0,0.012751643387737007,0.01011203993887587,0.0026396034488611383
2025-02-18,0.003984790637688701,0.0,0.01258131666286752,0.003984790637688701,0.00859652602517882
2025-02-19,0.00468891751780019,0.0,0.012202260912768215,0.00468891751780019,0.007513343394968025
2025-02-20,0.00859912142228464,0.0,0.011867066815430616,0.00859912142228464,0.0032679453931459754
2025-02-21,0.01592672136707819,0.0,0.011674445991457472,0.01592672136707819,0.004252275375620717
2025-02-24,0.009435680699584335,0.0,0.011906522188440169,0.009435680699584335,0.002470841488855834
2025-02-25,0.0010440230633360385,0.0,0.011743682610187689,0.0010440230633360385,0.010699659546851651
2025-02-26,0.011909072448126877,0.0,0.011411153352545311,0.011909072448126877,0.0004979190955815664
2025-02-27,0.003517414811878383,0.0,0.011477370023254897,0.003517414811878383,0.007959955211376515
2025-02-28,0.0,0.0,0.01118374610662969,0.0,0.01118374610662969
2025-03-03,0.005986987419966889,0.0,0.010893294309756794,0.005986987419966889,0.004906306889789905
2025-03-04,0.008441836978211058,0.0,0.010736163589903685,0.008441836978211058,0.0022943266116926264
2025-03-05,0.009855764396520243,0.0,0.010648485917759111,0.009855764396520243,0.0007927215212388677
2025-03-06,0.010906000796222434,0.0,0.010684903059288453,0.010906000796222434,0.0002210977369339808
2025-03-07,0.01803100167572562,0.0,0.010719445858619137,0.01803100167572562,0.007311555817106482
2025-03-10,0.0010303967938964016,0.0,0.011249322876966636,0.0010303967938964016,0.010218926083070234
2025-03-11,0.0034270081518113543,0.0,0.010953315012136087,0.0034270081518113543,0.007526306860324733
2025-03-12,0.001367521580639804,0.0,0.010704143905186357,0.001367521580639804,0.009336622324546554
2025-03-13,0.008233322667255863,0.0,0.010456712235124009,0.008233322667255863,0.002223389567868146
2025-03-14,0.0,0.0,0.010433254197614894,0.0,0.010433254197614894
2025-03-17,0.006865801086615921,0.0,0.010208662045561069,0.006865801086615921,0.0033428609589451477
2025-03-18,0.0141259885517785,0.0,0.01011473021905929,0.0141259885517785,0.00401125833271921
2025-03-19,0.010814687646795357,0.0,0.01049703651285375,0.010814687646795357,0.00031765113394160646
2025-03-20,0.0014020331774386146,0.0,0.010604841349918315,0.0014020331774386146,0.0092028081724797
2025-03-21,0.001050236399702001,0.0,0.010366379959464943,0.001050236399702001,0.009316143559762943
2025-03-24,0.0034928432296983903,0.0,0.010147931904128887,0.0034928432296983903,0.006655088674430497
2025-03-25,0.012129762305118932,0.0,0.009973280796073186,0.012129762305118932,0.0021564815090457466
2025-03-26,0.013176334875790093,0.0,0.010163808539535163,0.013176334875790093,0.00301252633625493
2025-03-27,0.003496507058729314,0.0,0.010468533853328913,0.003496507058729314,0.006972026794599599
2025-03-28,0.005972264370122663,0.0,0.010283134345364537,0.005972264370122663,0.0043108699752418735
2025-03-31,0.0021119332031435513,0.0,0.010185695250407118,0.0021119332031435513,0.008073762047263566
2025-04-01,0.00979713924498326,0.0,0.009989987161963872,0.00979713924498326,0.00019284791698061243
2025-04-02,0.0024343604440611446,0.0,0.010045248493809122,0.0024343604440611446,0.007610888049747977
2025-04-03,0.0716262171072734,0.0,0.009865724812106512,0.0716262171072734,0.06176049229516689
2025-04-04,0.008995562908577986,0.0,0.019521561556595377,0.008995562908577986,0.010525998648017391
2025-04-08,0.07260308097430157,0.0,0.01875139255685848,0.07260308097430157,0.05385168841744309
2025-04-09,0.06265096496166726,0.0,0.024806500331148267,0.06265096496166726,0.03784446463051899
2025-04-10,0.06709451903144538,0.0,0.027845790627354237,0.06709451903144538,0.039248728404091146
2025-04-11,0.060221477283661735,0.0,0.030699969064184138,0.060221477283661735,0.029521508219477598
2025-04-14,0.0026600813709615964,0.0,0.032301399657535236,0.0026600813709615964,0.02964131828657364
2025-04-15,0.014179199042391228,0.0,0.030609823538914217,0.014179199042391228,0.016430624496522987
2025-04-16,0.014774763320626102,0.0,0.029215422312475304,0.014774763320626102,0.014440658991849202
2025-04-17,0.0011743982559414398,0.0,0.02793276024239276,0.0011743982559414398,0.02675836198645132
2025-04-18,0.0054623623918400276,0.0,0.026497235893733526,0.0054623623918400276,0.021034873501893498
2025-04-21,0.00546236239184004,0.0,0.025176475445996892,0.00546236239184004,0.01971411305415685
2025-04-22,0.0039200363800735395,0.0,0.023951766259550894,0.0039200363800735395,0.020031729879477354
2025-04-23,0.0054837583562562875,0.0,0.02278645594321305,0.0054837583562562875,0.017302697586956763
2025-04-24,0.002341007701973445,0.0,0.021702751188218357,0.002341007701973445,0.019361743486244913
2025-04-25,0.0066471407994663475,0.0,0.020661386161744476,0.0066471407994663475,0.01401424536227813
2025-04-28,0.00787715770615025,0.0,0.019754574109001537,0.00787715770615025,0.011877416402851287
2025-04-29,0.009445170571518648,0.0,0.01893834136067943,0.009445170571518648,0.009493170789160784
2025-05-05,0.003909309122587205,0.0,0.018195356117699416,0.003909309122587205,0.014286046995112212
2025-05-06,0.0066109515515921525,0.0,0.01739913918590499,0.0066109515515921525,0.010788187634312838
2025-05-07,0.003883500026397633,0.0,0.01670061021757812,0.003883500026397633,0.012817110191180488
2025-05-08,0.0027200327630995708,0.0,0.016021962448308984,0.0027200327630995708,0.013301929685209414
2025-05-09,0.0027200327630996267,0.0,0.015366716207024553,0.0027200327630996267,0.012646683443924927
2025-05-12,0.010451033773482925,0.0,0.014769002875029243,0.010451033773482925,0.004317969101546318
2025-05-13,0.04037522550010621,0.0,0.014386440102169442,0.04037522550010621,0.025988785397936767
2025-05-14,0.00516415754823431,0.0,0.01671264737152047,0.00516415754823431,0.01154848982328616
2025-05-15,0.00367242425226379,0.0,0.016037369368370333,0.00367242425226379,0.012364945116106543
2025-05-16,0.019245597715233632,0.0,0.015390217856434858,0.019245597715233632,0.003855379858798774
2025-05-19,0.002612429177504985,0.0,0.015482929668941915,0.002612429177504985,0.01287050049143693
2025-05-20,0.010381999073041494,0.0,0.01486564843963441,0.010381999073041494,0.004483649366592915
2025-05-21,0.0014765598843642746,0.0,0.014472200863631752,0.0014765598843642746,0.012995640979267477
2025-05-22,0.015261788875647263,0.0,0.013928290992400035,0.015261788875647263,0.0013334978832472283
2025-05-23,0.0011259149247217393,0.0,0.013919181301040895,0.0011259149247217393,0.012793266376319156
2025-05-26,0.01157377115637711,0.0,0.013414377397276814,0.01157377115637711,0.0018406062408997045
2025-05-27,0.00886923774077957,0.0,0.013201291610090234,0.00886923774077957,0.004332053869310664
2025-05-28,0.0014727543162745406,0.0,0.012896619282131034,0.0014727543162745406,0.011423864965856493
2025-05-29,0.016345089000519248,0.0,0.012473815408936747,0.016345089000519248,0.0038712735915825015
2025-05-30,0.015855371789793963,0.0,0.012708146146470155,0.015855371789793963,0.0031472256433238074
2025-06-02,0.0026600813709616667,0.0,0.012878440129237393,0.0026600813709616667,0.010218358758275727
2025-06-03,0.004165883699438271,0.0,0.012458713272431029,0.004165883699438271,0.008292829572992759
2025-06-04,0.0015128595926303177,0.0,0.012092671099353032,0.0015128595926303177,0.010579811506722714
2025-06-05,0.0015128595926304088,0.0,0.011735181663399681,0.0015128595926304088,0.010222322070769273
2025-06-06,0.009493141351494688,0.0,0.011400021493266682,0.009493141351494688,0.0019068801417719949
2025-06-09,0.004972280276862853,0.0,0.011336475804783164,0.004972280276862853,0.006364195527920311
2025-06-10,0.00422671138379513,0.0,0.01110711995458284,0.00422671138379513,0.00688040857078771
2025-06-11,0.0042267113837950905,0.0,0.010879527536866971,0.0042267113837950905,0.0066528161530718805
2025-06-12,0.012952562035727146,0.0,0.010650698455983766,0.012952562035727146,0.0023018635797433795
2025-06-13,0.0356915207661235,0.0,0.010809142410875576,0.0356915207661235,0.024882378355247925
2025-06-16,0.010174506376309407,0.0,0.01340323876408819,0.010174506376309407,0.003228732387778783
2025-06-17,0.0010840109462583103,0.0,0.013130363878961531,0.0010840109462583103,0.01204635293270322
2025-06-18,0.005068801583946983,0.0,0.012681341957292426,0.005068801583946983,0.007612540373345443
2025-06-19,0.013698844358161927,0.0,0.012336576000017616,0.013698844358161927,0.001362268358144311
2025-06-20,0.01457285430544907,0.0,0.01234521350577961,0.01457285430544907,0.0022276407996694603
2025-06-23,0.0014104374693621117,0.0,0.012406015975558793,0.0014104374693621117,0.01099557850619668
2025-06-24,0.004570231192684113,0.0,0.012015458522117222,0.004570231192684113,0.00744522732943311
2025-06-25,0.0038508712037242133,0.0,0.011693785958972034,0.0038508712037242133,0.00784291475524782
2025-06-26,0.004531993115054584,0.0,0.011386780589228495,0.004531993115054584,0.006854787474173911
2025-06-27,0.0013903373807249428,0.0,0.01111872077868134,0.0013903373807249428,0.009728383397956397
2025-06-30,0.001390337380725066,0.0,0.010835206566379858,0.001390337380725066,0.009444869185654792
2025-07-01,0.0,0.0,0.010583655213220806,0.0,0.010583655213220806
2025-07-02,0.0,0.0,0.010345610191224534,0.0,0.010345610191224534
2025-07-03,0.01416013989709789,0.0,0.01012892074107075,0.01416013989709789,0.00403121915602714
2025-07-04,0.004789608882564293,0.0,0.010436575155282941,0.004789608882564293,0.005646966272718648
2025-07-07,0.03915507697459605,0.0,0.010260503766689086,0.03915507697459605,0.028894573207906962
2025-07-08,0.0,0.0,0.01354501427500677,0.0,0.01354501427500677
2025-07-09,0.013366132158957775,0.0,0.013063759796703113,0.013366132158957775,0.00030237236225466244
2025-07-10,0.0,0.0,0.012975907833604161,0.0,0.012975907833604161
2025-07-11,0.008781972199254315,0.0,0.012538786022183099,0.008781972199254315,0.0037568138229287836
2025-07-14,0.006884144545145208,0.0,0.012330234327697418,0.006884144545145208,0.005446089782552211
2025-07-15,0.003294895896852538,0.0,0.012069362188862665,0.003294895896852538,0.008774466292010128
2025-07-16,0.017989037836073304,0.0,0.011738186694945797,0.017989037836073304,0.006250851141127507
2025-07-17,0.0009719748051784788,0.0,0.012117743625691138,0.0009719748051784788,0.01114576882051266
2025-07-18,0.0012944985626457955,0.0,0.01174914996153569,0.0012944985626457955,0.010454651398889894
2025-07-21,0.003228934029171373,0.0,0.011411876864628915,0.003228934029171373,0.008182942835457542
2025-07-22,0.008666399932397923,0.0,0.011119796438239207,0.008666399932397923,0.002453396505841284
2025-07-23,0.0012775472833096134,0.0,0.011002563812720313,0.0012775472833096134,0.009725016529410699
2025-07-24,0.0009570905181067318,0.0,0.010728614633546994,0.0009570905181067318,0.009771524115440262
2025-07-25,0.002234637801416377,0.0,0.010477598690035105,0.002234637801416377,0.008242960888618728
2025-07-28,0.0,0.0,0.010268522080349297,0.0,0.010268522080349297
2025-07-29,0.04010317335596238,0.0,0.010058823114270865,0.04010317335596238,0.03004435024169151
2025-07-30,0.053121296558406604,0.0,0.013725086401986875,0.053121296558406604,0.039396210156419725
2025-07-31,0.006329135051647512,0.0,0.018105756423520608,0.006329135051647512,0.011776621371873096
2025-08-01,0.03554493741941147,0.0,0.017371556655075525,0.03554493741941147,0.018173380764335945
2025-08-04,0.030133496551924373,0.0,0.018647292764467017,0.030133496551924373,0.011486203787457357
2025-08-05,0.01834333532605193,0.0,0.019114621105784914,0.01834333532605193,0.0007712857797329831
2025-08-06,0.0213928480825099,0.0,0.01871352246923121,0.0213928480825099,0.0026793256132786915
2025-08-07,0.007334996211565471,0.0,0.01852572251558702,0.007334996211565471,0.011190726304021549
2025-08-08,0.0033551960711385256,0.0,0.01776142950521124,0.0033551960711385256,0.014406233434072714
2025-08-11,0.003979800140427063,0.0,0.017000531022651363,0.003979800140427063,0.0130207308822243
2025-08-12,0.010375436376832246,0.0,0.016301883800869773,0.010375436376832246,0.005926447424037527
2025-08-13,0.032848578955679206,0.0,0.01578924131346994,0.032848578955679206,0.017059337642209266
2025-08-14,0.011972693754494303,0.0,0.016941371884068912,0.011972693754494303,0.004968678129574609
2025-08-15,0.024090471707489354,0.0,0.01643509461827054,0.024090471707489354,0.007655377089218814
2025-08-18,0.010461909799170471,0.0,0.01676875535500454,0.010461909799170471,0.006306845555834068
2025-08-19,0.022579687752165407,0.0,0.016257580589417574,0.022579687752165407,0.006322107162747833
2025-08-20,0.019779586086976032,0.0,0.016417473318352114,0.019779586086976032,0.0033621127686239184
2025-08-21,0.02362426645710045,0.0,0.01636446173735261,0.02362426645710045,0.007259804719747839
2025-08-22,0.017594097430509163,0.0,0.016590476306626578,0.017594097430509163,0.0010036211238825844
2025-08-25,0.03614500140027912,0.0,0.016445474179730857,0.03614500140027912,0.01969952722054826
2025-08-26,0.042139025340489696,0.0,0.017951065388923368,0.042139025340489696,0.024187959951566328
2025-08-27,0.0019940186068643953,0.0,0.01974580424744624,0.0019940186068643953,0.017751785640581844
2025-08-28,0.009648201971725568,0.0,0.018836656623528878,0.009648201971725568,0.00918845465180331
2025-08-29,0.005948183519760761,0.0,0.018106713050789616,0.005948183519760761,0.012158529531028854
2025-09-03,0.013730192811902131,0.0,0.017364402952533584,0.013730192811902131,0.0036342101406314532
2025-09-04,0.008032171697264253,0.0,0.01693989017451828,0.008032171697264253,0.008907718477254028
2025-09-05,0.013809195274186448,0.0,0.016307555043788953,0.013809195274186448,0.0024983597696025053
2025-09-08,0.01606108404273475,0.0,0.015981068628592825,0.01606108404273475,8.001541414192487e-05
2025-09-09,0.00205852153268093,0.0,0.015806477560120095,0.00205852153268093,0.013747956027439166
2025-09-10,0.01804998058228654,0.0,0.0151621479770334,0.01804998058228654,0.002887832605253139
2025-09-11,0.0017296055046895737,0.0,0.015132037346839594,0.0017296055046895737,0.013402431842150021
2025-09-12,0.0037512668430719647,0.0,0.014534742629032333,0.0037512668430719647,0.010783475785960369
2025-09-15,0.023429643174734744,0.0,0.014014127222296035,0.023429643174734744,0.009415515952438709
2025-09-16,0.01735765863618968,0.0,0.01453158839876627,0.01735765863618968,0.002826070237423409
2025-09-17,0.021319180512041198,0.0,0.014525514541456196,0.021319180512041198,0.006793665970585002
2025-09-18,0.003692661489009554,0.0,0.01488096031855797,0.003692661489009554,0.011188298829548415
2025-09-19,0.0,0.0,0.014333093981734164,0.0,0.014333093981734164
2025-09-22,0.037992099966334056,0.0,0.013792261238313959,0.037992099966334056,0.024199838728020097
2025-09-23,0.014088874077741443,0.0,0.01607663729075035,0.014088874077741443,0.0019877632130089057
2025-09-24,0.010149427417101401,0.0,0.01573571331976264,0.010149427417101401,0.005586285902661237
2025-09-25,0.004047418072232603,0.0,0.015261191968090964,0.004047418072232603,0.01121377389585836
2025-09-26,0.007791122948623328,0.0,0.014690643638657573,0.007791122948623328,0.006899520690034245
2025-09-29,0.006018072325562945,0.0,0.014226175545705629,0.006018072325562945,0.008208103220142683
2025-09-30,0.004008021397538822,0.0,0.013753948162574707,0.004008021397538822,0.009745926765035886
2025-10-01,0.01367542679967549,0.0,0.013298523991715874,0.01367542679967549,0.000376902807959616
2025-10-02,0.0,0.0,0.013203403441920157,0.0,0.013203403441920157
2025-10-03,0.013675426799675608,0.0,0.01274851928892411,0.013675426799675608,0.0009269075107514978
2025-10-06,0.031067169511544736,0.0,0.012770871462056426,0.031067169511544736,0.018296298049488312
2025-10-07,0.015412943479607304,0.0,0.014284917456504814,0.015412943479607304,0.0011280260231024894
2025-10-08,0.02482347514699265,0.0,0.014246678688739342,0.02482347514699265,0.010576796458253306
2025-10-09,0.03890279866959919,0.0,0.014854424262790926,0.03890279866959919,0.024048374406808265
2025-10-10,0.003702728377473456,0.0,0.016886031283391622,0.003702728377473456,0.013183302905918166
2025-10-13,0.014415136258875012,0.0,0.01617872177701798,0.014415136258875012,0.0017635855181429693
2025-10-14,0.021834354180903723,0.0,0.01584424236108897,0.021834354180903723,0.005990111819814754
2025-10-15,0.007419217922028647,0.0,0.016073675819619607,0.007419217922028647,0.00865445789759096
2025-10-16,0.01865228602457957,0.0,0.015491352993730173,0.01865228602457957,0.003160933030849399
2025-10-17,0.03003228709887509,0.0,0.015531527675467208,0.03003228709887509,0.014500759423407882
2025-10-20,0.06527789270544986,0.0,0.016539320933872257,0.06527789270544986,0.0487385717715776
2025-10-21,0.021078063726254294,0.0,0.02212902223255183,0.021078063726254294,0.0010509585062975363
2025-10-22,0.01094796299315412,0.0,0.021603382089021888,0.01094796299315412,0.010655419095867768
2025-10-23,0.015884810540023102,0.0,0.02070975981963091,0.015884810540023102,0.004824949279607808
2025-10-24,0.0020357721150350257,0.0,0.020100427784622576,0.0020357721150350257,0.01806465566958755
2025-10-27,0.02440938715919198,0.0,0.019162145819630574,0.02440938715919198,0.0052472413395614065
2025-10-28,0.008301263205478752,0.0,0.019196594355319934,0.008301263205478752,0.010895331149841182
2025-10-29,0.013198607790081343,0.0,0.018406097724935767,0.013198607790081343,0.005207489934854424
2025-10-30,0.009073675600657513,0.0,0.01782842426229416,0.009073675600657513,0.008754748661636648
2025-10-31,0.004124932189423808,0.0,0.017186690697042786,0.004124932189423808,0.013061758507618978
2025-11-03,0.010387391215797834,0.0,0.01647701030831554,0.010387391215797834,0.006089619092517706
2025-11-04,0.029396590601344804,0.0,0.01598692343681583,0.029396590601344804,0.013409667164528974
2025-11-05,0.02686643443083451,0.0,0.016761183353902004,0.02686643443083451,0.010105251076932505
2025-11-06,0.003955924910302566,0.0,0.017198862114108145,0.003955924910302566,0.01324293720380558
2025-11-07,0.041919708906079024,0.0,0.016485744781970596,0.041919708906079024,0.02543396412410843
2025-11-10,0.020582382067381857,0.0,0.018671455013836335,0.020582382067381857,0.001910927053545522
2025-11-11,0.010194990851584018,0.0,0.018500304597326496,0.010194990851584018,0.008305313745742478
2025-11-12,0.014512323405221754,0.0,0.017811178894143978,0.014512323405221754,0.0032988554889222237
2025-11-13,0.007377929291347671,0.0,0.01733786394946485,0.007377929291347671,0.009959934658117179
2025-11-14,0.005941788128750803,0.0,0.01668489987598455,0.005941788128750803,0.010743111747233745
2025-11-17,0.0059417881287508224,0.0,0.01604577641221347,0.0059417881287508224,0.010103988283462647
2025-11-18,0.011193047638538345,0.0,0.015432978075761583,0.011193047638538345,0.004239930437223238
2025-11-19,0.0008791209357402404,0.0,0.015022397909834997,0.0008791209357402404,0.014143276974094756
2025-11-20,0.00499633662447414,0.0,0.014433897722591214,0.00499633662447414,0.009437561098117074
2025-11-21,0.0,0.0,0.01394506010985356,0.0,0.01394506010985356
2025-11-24,0.0062066107325213764,0.0,0.013433354491200498,0.0062066107325213764,0.007226743758679122
2025-11-25,0.013431033120550865,0.0,0.01305568285806805,0.013431033120550865,0.000375350262482815
2025-11-26,0.015504186535965036,0.0,0.013029743312263559,0.015504186535965036,0.0024744432237014773
2025-11-27,0.0011841327612166937,0.0,0.013071780473692972,0.0011841327612166937,0.011887647712476279
2025-11-28,0.003252997101923974,0.0,0.012632826364580407,0.003252997101923974,0.009379829262656434
2025-12-01,0.012477880255442716,0.0,0.012239287639382835,0.012477880255442716,0.0002385926160598812
2025-12-02,0.013363227812166938,0.0,0.01224616510430738,0.013363227812166938,0.0011170627078595577
2025-12-03,0.05843586696900833,0.0,0.012245101589143114,0.05843586696900833,0.04619076537986522
2025-12-04,0.0,0.0,0.01805593383980386,0.0,0.01805593383980386
2025-12-05,0.009505243497428095,0.0,0.017251184922773017,0.009505243497428095,0.007745941425344922
2025-12-08,0.007896262122225505,0.0,0.01666783316725599,0.007896262122225505,0.008771571045030485
2025-12-09,0.0197290173214286,0.0,0.01607984923072875,0.0197290173214286,0.0036491680906998517
2025-12-10,0.007766470794050718,0.0,0.01612806198374992,0.007766470794050718,0.008361591189699202
2025-12-11,0.007766470794050736,0.0,0.015550347127300692,0.007766470794050736,0.007783876333249956
2025-12-12,0.012202359424817304,0.0,0.015045955689538947,0.012202359424817304,0.0028435962647216425
2025-12-15,0.004084019678845157,0.0,0.014757157961093744,0.004084019678845157,0.010673138282248588
2025-12-16,0.025863510589919373,0.0,0.014209330569595963,0.025863510589919373,0.01165418002032341
2025-12-17,0.01572584230546406,0.0,0.014918413154897626,0.01572584230546406,0.0008074291505664345
2025-12-18,0.01013766828445523,0.0,0.014832316278266896,0.01013766828445523,0.004694647993811666
2025-12-19,0.0029069787913093108,0.0,0.014471654876964214,0.0029069787913093108,0.011564676085654903
2025-12-22,0.020115620797006295,0.0,0.013931447518608458,0.020115620797006295,0.006184173278397837
2025-12-23,0.004276556767260194,0.0,0.014189060721136857,0.004276556767260194,0.009912503953876663
2025-12-24,0.008534902449837286,0.0,0.013704583379622855,0.008534902449837286,0.005169680929785569
2025-12-25,0.008534902449837331,0.0,0.013344628113111849,0.008534902449837331,0.004809725663274518
2025-12-26,0.005698021114637796,0.0,0.013052164278235271,0.005698021114637796,0.0073541431635974755
2025-12-29,0.0028368813351995355,0.0,0.012667411548633439,0.0028368813351995355,0.009830530213433903
2025-12-30,0.009866182921053979,0.0,0.01226632292782365,0.009866182921053979,0.00240014000676967
2025-12-31,0.0028011222797117733,0.0,0.012086928723042088,0.0028011222797117733,0.009285806443330314
2026-01-05,0.007017572658646535,0.0,0.01173274863847177,0.007017572658646535,0.004715175979825235
2026-01-06,0.019526422350355236,0.0,0.011531530269033108,0.019526422350355236,0.007994892081322128
2026-01-07,0.033947591131503106,0.0,0.012068759891216911,0.033947591131503106,0.021878831240286195
2026-01-08,0.01982880564930103,0.0,0.014096219470379822,0.01982880564930103,0.005732586178921209
2026-01-09,0.06462032407434219,0.0,0.014311730807866626,0.06462032407434219,0.05030859326647556
2026-01-12,0.018237587549780793,0.0,0.02040951974244778,0.018237587549780793,0.002171932192666988
2026-01-13,0.00483092726966558,0.0,0.019888800395929378,0.00483092726966558,0.015057873126263797
2026-01-14,0.0036253816143170577,0.0,0.019002452807388978,0.0036253816143170577,0.01537707119307192
2026-01-15,0.03560842746736777,0.0,0.01814835713484076,0.03560842746736777,0.017460070332527007
2026-01-16,0.01005033585350145,0.0,0.019301430757378356,0.01005033585350145,0.009251094903876905
2026-01-19,0.010050335853501506,0.0,0.018578798699097863,0.010050335853501506,0.008528462845596357
2026-01-20,0.008788506033079348,0.0,0.01787949486335074,0.008788506033079348,0.009090988830271393
2026-01-21,0.013776047544118552,0.0,0.017225251475789707,0.013776047544118552,0.003449203931671155
2026-01-22,0.007490671729157738,0.0,0.016769373975900045,0.007490671729157738,0.009278702246742307
2026-01-23,0.022814677766171288,0.0,0.016162240920424238,0.022814677766171288,0.00665243684574705
2026-01-26,0.020726130517116855,0.0,0.016428541613447926,0.020726130517116855,0.004297588903668929
2026-01-27,0.0013080446600151673,0.0,0.016507286523017747,0.0013080446600151673,0.01519924186300258
2026-01-28,0.003913899321136315,0.0,0.01581010292235661,0.003913899321136315,0.011896203601220297
2026-01-29,0.0026075634070809417,0.0,0.015182262022923425,0.0026075634070809417,0.012574698615842483
2026-01-30,0.011680859612755808,0.0,0.014596787087180624,0.011680859612755808,0.002915927474424816
2026-02-02,0.015365219064056359,0.0,0.01427935077801993,0.015365219064056359,0.0010858682860364292
2026-02-03,0.008855212829732544,0.0,0.014178562743853729,0.008855212829732544,0.005323349914121185
2026-02-04,0.0025220694327099465,0.0,0.013789042731835998,0.0025220694327099465,0.011266973299126052
2026-02-05,0.025576841789649737,0.0,0.013307638733980838,0.025576841789649737,0.0122692030556689
2026-02-06,0.031581572050299045,0.0,0.014230738304136485,0.031581572050299045,0.01735083374616256
2026-02-09,0.008053734807096716,0.0,0.015634198839712645,0.008053734807096716,0.007580464032615929
2026-02-10,0.0,0.0,0.015131958496542535,0.0,0.015131958496542535
2026-02-11,0.02133414247499114,0.0,0.014532302208120372,0.02133414247499114,0.0068018402668707685
2026-02-12,0.0026350476380052534,0.0,0.01480807740185964,0.0026350476380052534,0.012173029763854388
2026-02-13,0.015666116744399456,0.0,0.014240401555152844,0.015666116744399456,0.0014257151892466124
2026-02-23,0.0025873235649509544,0.0,0.014161250696894325,0.0025873235649509544,0.01157392713194337
2026-02-24,0.013004084423206573,0.0,0.013641533919547831,0.013004084423206573,0.000637449496341258
2026-02-25,0.007822725681208858,0.0,0.01352980536564912,0.007822725681208858,0.005707079684440262
2026-02-26,0.0,0.0,0.013161952830360578,0.0,0.013161952830360578
2026-02-27,0.006514681021193642,0.0,0.012710292740033954,0.006514681021193642,0.006195611718840312
