ds,price,volatility,garch_vol,hybrid_vol,np_price_pred,tft_price_pred,np_vol_from_price,tft_vol_from_price,naive_price
2024-08-23,23.98,0.01005876041784621,0.01680876255782,0.0186182903924301,23.684517,24.042732,0.0,0.0,23.98
2024-08-26,23.74,0.010058760417846238,0.0162451878918318,0.0161368552249731,23.915916,24.192799,0.009722635205260389,0.006222279762004688,23.98
2024-08-27,23.92,0.007553539900909121,0.015761897454418,0.0169696211092749,23.282959,24.153168,0.026822459122362596,0.00163947527937312,23.74
2024-08-28,23.95,0.0012533947744931152,0.0152067963823217,0.0164776655435004,23.52639,24.20884,0.010401050207467871,0.002302304097516689,23.92
2024-08-29,24.02,0.0029184927949132172,0.0146022814025073,0.0164086458940892,23.567005,24.236828,0.0017248707624388452,0.0011554388356769625,23.95
2024-08-30,24.05,0.0012481798999327374,0.0140524123457741,0.0162958275585653,23.29935,24.26804,0.01142217738019004,0.0012869637871386775,24.02
2024-09-04,24.22,0.007043741573175952,0.0135332189168018,0.0167061969607543,24.452435,24.282688,0.0483043387772532,0.0006034101257740664,24.05
2024-09-05,24.02,0.008291921473108723,0.0131424308354764,0.0141300505559177,24.447636,24.35754,0.00019627783425542878,0.0030777840551190617,24.22
2024-09-06,24.36,0.01405562618985872,0.0128588719710692,0.0160527500608027,24.470558,24.31843,0.0009371564975448912,0.0016069534275801932,24.02
2024-09-09,24.33,0.0012322860462650562,0.0128315857393143,0.0149759134610085,24.799763,24.389378,0.01336341604629943,0.0029132105545279056,24.36
2024-09-10,23.98,0.01449000719606301,0.0124119613777977,0.0118491356902386,24.894718,24.410732,0.0038215557805097314,0.0008751620175829115,24.33
2024-09-11,23.98,0.0,0.0125246138042189,0.0125940383245829,24.01376,24.319866,0.03602865306565341,0.0037293244508353174,23.98
2024-09-12,24.02,0.0016666670524692463,0.0121232405737172,0.0125118871078969,23.582851,24.300167,0.018107204039250258,0.0008103244634946165,23.98
2024-09-13,23.95,0.002918492794913206,0.0117568566024391,0.0115792970513574,23.773167,24.284775,0.008037712318201936,0.0006336119744649494,24.02
2024-09-16,23.78,0.007123432594288412,0.0114457159603564,0.010008598265307,23.992508,24.2654,0.009184107279654236,0.0007981434064261825,23.95
2024-09-17,23.98,0.008375258336732489,0.0112756446594136,0.0114709384193454,23.496883,24.187752,0.02087384089211868,0.003205078029601681,23.78
2024-09-18,24.5,0.021452967951313125,0.0111313487712508,0.0128981692330399,23.535728,24.218971,0.0016518329731916353,0.0012898623328982464,23.98
2024-09-19,24.7,0.008130126083250089,0.0119091843588988,0.01408651928575,24.483215,24.404354,0.03946817369202353,0.007625307329839211,24.5
2024-09-20,24.7,0.0,0.0116951926468295,0.0136543823752506,24.660599,24.48854,0.007219007069716228,0.0034436940139807104,24.7
2024-09-23,24.64,0.00243210496861244,0.0113615152975418,0.0132111641843812,24.659885,24.53849,2.895348715770469e-05,0.0020376521801467305,24.7
2024-09-24,24.74,0.004050228299022738,0.0110767666039626,0.0135452816392062,24.716896,24.546803,0.002309224059556818,0.00033871653081432227,24.64
2024-09-25,24.7,0.001618123330410263,0.0108269598563145,0.0127060990652085,25.50679,24.549402,0.03145763286708426,0.00010587376366177898,24.74
2024-09-26,24.98,0.011272261063500122,0.0105785244124466,0.0140994374501571,25.339249,24.575874,0.006590153713256744,0.0010777345072745302,24.7
2024-09-27,25.39,0.016279891019155446,0.0106451929582837,0.0159255228331937,24.894352,24.601189,0.017713587083942148,0.0010295451046388887,24.98
2024-09-30,25.36,0.0011822661475619034,0.0110415617607421,0.0158887153092502,25.788197,24.65494,0.03527595619901147,0.0021825109860441057,25.39
2024-10-01,25.05,0.012299302038151293,0.01076999229531,0.0120432718221241,26.148037,24.707338,0.013857214140431656,0.002122998443481433,25.36
2024-10-02,24.7,0.01407058389694233,0.0109365705655247,0.0092780731984606,25.698368,24.696949,0.017346632832348517,0.00042057079593659153,25.05
2024-10-03,24.84,0.005652013431346623,0.0112029017636837,0.010969886986659,24.64125,24.666695,0.042005620041264576,0.0012257605531724417,24.7
2024-10-04,24.43,0.016643371795628876,0.0109769827361699,0.0073537071495125,24.77895,24.640606,0.005572634523834285,0.0010582206653172144,24.84
2024-10-07,24.57,0.005714301263438635,0.0114366977659477,0.0099777647857529,24.4837,24.573162,0.011986912407981484,0.002740860737252303,24.43
2024-10-08,24.53,0.0016293282626897699,0.0111912138112057,0.0087525866054377,23.880802,24.534405,0.02493271746383667,0.001578453603574933,24.57
2024-10-09,24.77,0.009736385230870203,0.010910998238267,0.0101486058611109,24.664383,24.509438,0.03228534661901985,0.001018150317331212,24.53
2024-10-10,24.81,0.001613554202441474,0.0108621935445971,0.0096149853239657,24.760738,24.55751,0.003899034342048794,0.0019594459138052873,24.77
2024-10-11,24.88,0.0028174701672691593,0.0106021205755557,0.0103708695350267,25.014595,24.573582,0.010200201012140734,0.0006542496785249798,24.81
2024-10-14,24.74,0.005642900906636853,0.0103759949782676,0.0082971366534338,24.754517,24.611076,0.01045147711009213,0.0015246220584808525,24.88
2024-10-15,24.81,0.002825430739367876,0.0102580350898395,0.0090206453209418,25.17337,24.59261,0.016778712322687635,0.0007505942082049178,24.74
2024-10-16,24.91,0.004022531570379467,0.0100633750408568,0.0097452747790838,25.187908,24.596039,0.0005773483510021477,0.0001394224104652911,24.81
2024-10-17,25.08,0.006801386490630826,0.009906293871367,0.010966431762377,24.916977,24.622604,0.010814659712250145,0.0010794691182192267,24.91
2024-10-18,24.88,0.008006447893741256,0.009841065830832,0.0086034724000747,25.23589,24.642801,0.012717809272006884,0.0008199263207721732,25.08
2024-10-21,24.36,0.021121825029282434,0.0098746535461156,0.0052380932282992,25.028107,24.648975,0.00826771430788914,0.0002505083213997751,24.88
2024-10-22,24.02,0.014055626189858832,0.0109504833506062,0.0074160457882098,24.594734,24.52415,0.017467118356265514,0.005076971134952221,24.36
2024-10-23,24.05,0.0012481798999327374,0.0112139255047196,0.0065761289633339,24.309776,24.336472,0.011653781011992373,0.007682215875450301,24.02
2024-10-24,23.92,0.005420067469339145,0.010921643312621,0.0075974660376522,24.16988,24.25743,0.005771344099853315,0.0032531682559317513,24.05
2024-10-25,23.74,0.007553539900909172,0.010743716916195,0.008034941086607,24.162231,24.161617,0.0003165183521100802,0.003957662572773359,23.92
2024-10-28,23.81,0.0029442713172494906,0.01066025680703,0.007232847658915,23.902573,24.077469,0.010804601471877746,0.0034887926919601802,23.74
2024-10-29,23.98,0.007114489100596867,0.010430498849389,0.0061635227280634,23.869324,24.059887,0.0013919901639538556,0.0007304929993181633,23.81
2024-10-30,23.85,0.00543593226501791,0.010322936907814,0.0077153910721282,24.512402,24.133749,0.026585073671560277,0.0030652203884898896,23.98
2024-10-31,24.5,0.026888900216331,0.010203490199918,0.0081882373955141,24.049412,24.113922,0.019068646365810567,0.0008218842777338088,23.85
2024-11-01,24.43,0.002861232281032235,0.011764393176801,0.0069766926609576,24.24368,24.334723,0.008045417671435613,0.009114910384225905,24.5
2024-11-04,24.5,0.002861232281032195,0.0114516732787976,0.0080048019146627,24.75399,24.401344,0.020830723282760505,0.0027339523107815103,24.43
2024-11-05,24.05,0.018538120998911112,0.0111515476764754,0.0070623203859124,24.406433,24.443432,0.014139943051399505,0.001723337227153958,24.5
2024-11-06,24.64,0.024236142113548898,0.011748297003865,0.0097930338725839,24.072517,24.322319,0.013775928759160951,0.004967143806047422,24.05
2024-11-07,24.43,0.008559253395669948,0.0126988918667008,0.0072344432354483,24.242786,24.446499,0.007048272258034205,0.005092609313618723,24.64
2024-11-08,24.02,0.016925068617811585,0.0124662505413161,0.0062840233912823,24.977894,24.446129,0.029872105107294752,1.5135206068601664e-05,24.43
2024-11-11,23.98,0.001666667052469229,0.0127446544954691,0.0072265940801459,23.862133,24.308754,0.04569838454379584,0.005635347891326735,24.02
2024-11-12,23.68,0.01258933958356332,0.0123357420348109,0.0079587447650741,23.956387,24.215527,0.003942159734922452,0.003842493398557597,23.98
2024-11-13,23.57,0.004656093067765202,0.0123385494992913,0.008500458763245,24.41232,24.064968,0.018852954015196297,0.006236865965973216,23.68
2024-11-14,23.06,0.02187520210712684,0.0120128700850127,0.0102572814673172,24.143707,23.962276,0.011064156472080332,0.00427641263363089,23.57
2024-11-15,22.72,0.01485392098796235,0.0127835405599323,0.0114521540851693,23.449997,23.649548,0.029153399471134527,0.013136757684017343,23.06
2024-11-18,22.85,0.0057055234872631115,0.0128768255554744,0.010423899596671,22.894829,23.344625,0.023959289759011904,0.012977237807554796,22.72
2024-11-19,22.89,0.0017490166242615523,0.0125067599913485,0.0104118336240139,23.561054,23.351105,0.02868401742332989,0.00027754143865394375,22.85
2024-11-20,23.33,0.01903995206886311,0.0121097665191932,0.0070682599617847,23.020794,23.376957,0.023197200179610994,0.001106487259736145,22.89
2024-11-21,24.02,0.02914673061849892,0.0125227827699797,0.0084662090540302,23.359955,23.650486,0.01462533714309037,0.011632870814275722,23.33
2024-11-22,24.02,0.0,0.013863465647222,0.0078384982556232,24.147919,24.069899,0.03317497502518909,0.017578391281777773,24.02
2024-11-25,24.09,0.00290999997494259,0.0133579349867229,0.0082473265382638,24.084518,24.198341,0.0026289791874500594,0.005322021402265572,24.02
2024-11-26,24.22,0.005381921498166071,0.0129029162406872,0.0086297672189613,23.964108,24.259537,0.005012016454383586,0.002525741326628209,24.09
2024-11-27,24.12,0.004137366265961394,0.012523498257122,0.0078654398427829,23.939728,24.330639,0.0010178726440587572,0.00292660190195796,24.22
2024-11-28,24.29,0.007023371155096266,0.0121705861324563,0.0094253244777304,24.040565,24.329967,0.004203273559063342,2.7619877978706377e-05,24.12
2024-11-29,24.53,0.009832115256316883,0.011896169215631,0.0108294944383966,24.21996,24.369783,0.0074344747092515645,0.0016351627625000359,24.29
2024-12-02,24.6,0.0028495846679191337,0.0117513460058681,0.0109580842022524,24.483711,24.478352,0.01083095269638233,0.004445171909750519,24.53
2024-12-03,24.64,0.001624695727001983,0.011425672169872,0.0110779973900846,25.020477,24.530348,0.02168653031293485,0.0021219097633414434,24.6
2024-12-04,24.22,0.017192400540372875,0.0111171042726944,0.0075877884262376,25.25933,24.563923,0.009501022816485002,0.001367776913700665,24.64
2024-12-05,24.98,0.030896766572485423,0.0116021886301201,0.0124634497875283,24.30766,24.485672,0.03840406541115361,0.0031906916412364145,24.22
2024-12-06,24.88,0.004011236826452951,0.0133461601571687,0.0113090033358264,24.795937,24.589748,0.01988828209350106,0.004241477954886319,24.98
2024-12-09,25.01,0.005211477018549132,0.0129232825501214,0.0129741642103929,25.40532,24.616438,0.024278791807977786,0.0010848230593400025,24.88
2024-12-10,24.94,0.00280280463763726,0.0125385900517415,0.0116960585891947,24.875435,24.650234,0.021077830583107953,0.0013719621776413656,25.01
2024-12-11,24.94,0.0,0.0121603661251845,0.0119014884651128,25.115803,24.661217,0.009616479286493024,0.00044545435021215894,24.94
2024-12-12,24.91,0.0012036109778014294,0.0117883837667644,0.0109125427620291,25.252335,24.666748,0.005421377077889362,0.00022425413345875635,24.94
2024-12-13,24.94,0.001203610977801301,0.0114533767483211,0.0118264976160602,25.391369,24.66922,0.005490686435391032,0.00010021086449817025,24.91
2024-12-16,24.88,0.002408672380911767,0.0111405643766842,0.0109476455207459,24.879456,24.663586,0.020366910448543742,0.00022840784789314239,24.94
2024-12-17,24.88,0.0,0.0108747279630462,0.0110330299776968,24.813644,24.6613,0.002648739502148035,9.269154729049423e-05,24.88
2024-12-18,24.88,0.0,0.0106110192548851,0.0107249105086152,25.598644,24.659859,0.031145718154602462,5.843333894119986e-05,24.88
2024-12-19,24.84,0.0016090108057006626,0.0103705410110831,0.009968576487948,25.052917,24.658062,0.021549113475398698,7.287411814441456e-05,24.88
2024-12-20,24.81,0.0012084593615683834,0.0101630419557146,0.0096675281748926,25.01289,24.655338,0.001598975865031664,0.0001104770712532996,24.84
2024-12-23,24.88,0.0028174701672691593,0.0099703882929764,0.0103120306663027,24.970776,24.63989,0.0016851108906484765,0.0006267543992570714,24.81
2024-12-24,24.84,0.0016090108057006626,0.0098024448462005,0.0094847899834929,25.06992,24.64731,0.003962539998548471,0.0003010923751422461,24.88
2024-12-25,26.21,0.05368576027003698,0.0096479016650084,0.0164807722685865,25.31812,24.64701,0.009851623814189098,1.2171787743649171e-05,24.84
2024-12-26,26.21,0.0,0.0156924302161573,0.0182215530047896,26.127922,24.729038,0.031484206006248495,0.003322585698346887,26.21
2024-12-27,26.63,0.015897382490525833,0.0150523230419842,0.0200680601854368,26.83448,24.767693,0.02668307684210715,0.0015619216492725994,26.21
2024-12-30,26.7,0.0026251655803630437,0.0149033672212533,0.0193162316465305,26.075596,24.783924,0.028687769994164596,0.0006551148706405138,26.63
2024-12-31,25.94,0.028877386517905956,0.0143285703083727,0.0122080948058419,26.199623,24.798588,0.004745163582074002,0.0005914988908808062,26.7
2025-01-02,26.15,0.008063011622633938,0.0154188995354155,0.0149027942374184,25.465057,24.786154,0.028437822650098737,0.0005015252579361604,25.94
2025-01-03,25.53,0.023994959257539392,0.0149041418650384,0.0103430744945967,25.657558,24.777668,0.007530988382327451,0.0003424271874320163,26.15
2025-01-06,25.53,0.0,0.0154339461975045,0.0121708743847023,25.652462,24.78419,0.00019863566674726174,0.00026318626059759965,25.53
2025-01-07,25.7,0.006636760647781655,0.0148124164559833,0.0125174215821155,26.0281,24.773396,0.014537172225618804,0.0004356144454125016,25.53
2025-01-08,25.94,0.009295186987123677,0.0143083348111403,0.0136387798505081,25.580029,24.763166,0.017364793793391498,0.0004130282656851468,25.7
2025-01-09,25.66,0.010852819700807554,0.0139228582030025,0.0102531374206926,26.651398,24.780518,0.041029677173852724,0.0007004727670029647,25.94
2025-01-10,25.73,0.0027242671061624276,0.013675116945932,0.0111479159823002,25.73219,24.767273,0.03509886969834507,0.0005346353509681711,25.66
2025-01-13,25.87,0.005426369904284965,0.0131936884738452,0.0106524439701534,24.878426,24.778175,0.03374173511960956,0.000440080799186811,25.73
2025-01-14,25.36,0.019910866628912633,0.0127913793321358,0.0072386162546134,25.910172,24.774944,0.04063463071139713,0.00013040551512316808,25.87
2025-01-15,25.22,0.005535799032251752,0.0132655731980288,0.0076047946571218,25.481644,24.755589,0.0166772830998984,0.0007815381669796761,25.36
2025-01-16,25.25,0.0011888251845953283,0.0128836976025203,0.007544087897428,24.716347,24.754898,0.03049350322688179,2.7913278253351724e-05,25.22
2025-01-17,25.53,0.011028075532023637,0.0124542977003034,0.0091193474682117,25.216064,24.729809,0.020016405154542956,0.0010140103345360875,25.25
2025-01-20,25.6,0.002738120232124411,0.0123088214266302,0.0090568907976314,25.874538,24.74605,0.025778144610351963,0.0006565222276728753,25.53
2025-01-21,25.6,0.0,0.0119357521408956,0.0089073543316684,26.06947,24.74699,0.007505501504000491,3.798513892510276e-05,25.6
2025-01-22,25.6,0.0,0.0115821528211929,0.0083570896087009,25.59539,24.742601,0.018352640713161755,0.00017737063179630052,25.6
2025-01-23,26.15,0.0212568390254149,0.0112579243684787,0.0113133392975274,26.05075,24.760418,0.017634301427373072,0.0007198349163045829,25.6
2025-01-24,26.08,0.0026804534524797244,0.0119958712193819,0.0103291955267821,26.310104,24.76244,0.009906489342142685,8.165926131021565e-05,26.15
2025-02-03,26.11,0.0011496456525854066,0.0116607568352595,0.0109841809088212,25.968853,24.798513,0.013055189560508428,0.0014557026928073138,26.08
2025-02-04,27.04,0.03499886846372595,0.0113303463789735,0.0148441534087335,26.239037,24.79937,0.010350405353804456,3.4557926598885905e-05,26.11
2025-02-05,27.0,0.0014803851704342195,0.0136842530385229,0.014617623674704,26.948723,24.806295,0.026687648480504058,0.00027920198408718134,27.04
2025-02-06,27.11,0.004065797506245128,0.013200054659046,0.0155977787027062,27.064175,24.815859,0.004274985423982848,0.00038547299330971295,27.0
2025-02-07,28.0,0.03230184666462989,0.0127723133327741,0.017707369388031,26.92287,24.814707,0.005234786333701123,4.642300473495362e-05,27.11
2025-02-10,27.66,0.012217183938591752,0.0144340244474096,0.0149205056583677,27.23693,24.827255,0.011597661742915237,0.0005055400617421909,28.0
2025-02-11,27.93,0.00971405372047329,0.0142031676062479,0.0170156179332427,27.927711,24.825294,0.02504564869036524,7.898889545514091e-05,27.66
2025-02-12,27.79,0.005025136202673043,0.013841673912956,0.0158785169945957,27.410107,24.821451,0.01870760771952036,0.00015481377510959279,27.93
2025-02-13,28.03,0.00859912142228464,0.0134003818463555,0.0170098328013113,26.812092,24.825413,0.02205883420261912,0.00015960726173607078,27.79
2025-02-14,27.83,0.007160789638897587,0.0130688051727421,0.0145902028409666,27.34356,24.821827,0.019628055173075407,0.0001444591887178246,28.03
2025-02-17,27.55,0.01011203993887587,0.012751643387737,0.0135225867581727,28.084827,24.831823,0.026748431131288466,0.00040262901659947407,27.83
2025-02-18,27.66,0.003984790637688701,0.0125813166628675,0.0138590054905884,26.795635,24.82843,0.04699046497639298,0.00013664851869680413,27.55
2025-02-19,27.79,0.00468891751780019,0.0122022609127682,0.0141234464097098,27.735218,24.823292,0.03446401246365517,0.0002069616042054498,27.66
2025-02-20,28.03,0.00859912142228464,0.0118670668154306,0.0149115123402621,28.145191,24.826464,0.014673491597402947,0.00012777504905834436,27.79
2025-02-21,28.48,0.01592672136707819,0.0116744459914574,0.0160527314223509,28.055206,24.822567,0.0032022932826359287,0.00015698191604200578,28.03
2025-02-24,28.75,0.009435680699584335,0.0119065221884401,0.0164751401474654,28.38784,24.83226,0.011786672566914591,0.0003904152207850143,28.48
2025-02-25,28.72,0.0010440230633360385,0.0117436826101876,0.0157952357328255,28.502308,24.828888,0.004024181989293063,0.00013580032443809693,28.75
2025-02-26,28.38,0.011909072448126877,0.0114111533525453,0.0127462340074633,28.774563,24.823807,0.009506701246690544,0.0002046616006537351,28.72
2025-02-27,28.48,0.003517414811878383,0.0114773700232548,0.0139309717926191,28.178875,24.826454,0.02091918395534816,0.00010662582428354846,28.38
2025-02-28,28.48,0.0,0.0111837461066296,0.0136833146134238,27.828842,24.822979,0.012499618844722324,0.00013998145782133647,28.48
2025-03-03,28.31,0.005986987419966889,0.0108932943097567,0.012400854606403,28.534588,24.808773,0.025044000577001846,0.000572456132032245,28.48
2025-03-04,28.55,0.008441836978211058,0.0107361635899036,0.0140144824991545,28.214718,24.809357,0.011273208787987708,2.3539782737682304e-05,28.31
2025-03-05,28.27,0.009855764396520243,0.0106484859177591,0.0109610369514146,28.500671,24.802662,0.010083874169624222,0.0002698942786681263,28.55
2025-03-06,28.58,0.010906000796222434,0.0106849030592884,0.0129968216746949,28.646984,24.802486,0.005120536256209963,7.096037693621062e-06,28.27
2025-03-07,29.1,0.01803100167572562,0.0107194458586191,0.0142013827952831,28.96682,24.803722,0.011102869916651069,4.9832472591315867e-05,28.58
2025-03-10,29.13,0.0010303967938964016,0.0112493228769666,0.014222600874697,29.240845,24.808918,0.009415496202863416,0.00020946275058123092,29.1
2025-03-11,29.23,0.0034270081518113543,0.010953315012136,0.0146792859317552,28.819016,24.809288,0.014531086200614543,1.4913880602831654e-05,29.13
2025-03-12,29.27,0.001367521580639804,0.0107041439051863,0.0145270530532547,29.35601,24.802353,0.018461848296411197,0.0002795714838446402,29.23
2025-03-13,29.03,0.008233322667255863,0.010456712235124,0.0119988054895216,29.165642,24.8014,0.006505922678858527,3.842451195640487e-05,29.27
2025-03-14,29.03,0.0,0.0104332541976148,0.0126649619921247,29.161713,24.802895,0.00013472237875156493,6.027703852855986e-05,29.03
2025-03-17,29.23,0.006865801086615921,0.010208662045561,0.0139888533343294,28.994392,24.808376,0.005754218295073446,0.00022095785541552266,29.03
2025-03-18,28.82,0.0141259885517785,0.0101147302190592,0.0098836191674908,28.762756,24.808966,0.00802107617601129,2.3782007509792874e-05,29.23
2025-03-19,28.51,0.010814687646795357,0.0104970365128537,0.0082617191088013,29.041245,24.802383,0.00963570513851978,0.0002653828275719171,28.82
2025-03-20,28.55,0.0014020331774386146,0.0106048413499183,0.0087480587422728,28.50354,24.802217,0.018688770851016178,6.6929276720317725e-06,28.51
2025-03-21,28.58,0.001050236399702001,0.0103663799594649,0.0085873385227735,28.357311,24.803959,0.005143409562046674,7.023319034764738e-05,28.55
2025-03-24,28.68,0.0034928432296983903,0.0101479319041288,0.0092315820952244,28.686634,24.809483,0.011546419475896652,0.00022268158789811427,28.58
2025-03-25,29.03,0.012129762305118932,0.0099732807960731,0.0115084252712772,28.670269,24.810001,0.0005706375200932017,2.0878895073516084e-05,28.68
2025-03-26,28.65,0.013176334875790093,0.0101638085395351,0.0074451141135301,28.744938,24.80298,0.00260101969488778,0.0002830307675673974,29.03
2025-03-27,28.55,0.003496507058729314,0.0104685338533289,0.0075575119560454,29.065315,24.802551,0.01108385669590452,1.7296458332898535e-05,28.65
2025-03-28,28.38,0.005972264370122663,0.0102831343453645,0.0059120221430132,28.531727,24.80413,0.018528842706086582,6.366077990709912e-05,28.55
2025-03-31,28.44,0.0021119332031435513,0.0101856952504071,0.0066934511725617,28.2426,24.809711,0.010185219790181735,0.00022497754300220755,28.38
2025-04-01,28.72,0.00979713924498326,0.0099899871619638,0.0086075653852947,28.121704,24.820877,0.004289813829654372,0.0004499644529053328,28.44
2025-04-02,28.79,0.0024343604440611446,0.0100452484938091,0.0090336107558319,28.638191,24.817263,0.018199514143673302,0.0001456138367144085,28.72
2025-04-03,26.8,0.0716262171072734,0.0098657248121065,0.012279718223263,28.322784,24.812725,0.011074607611095006,0.0001828733068662974,28.79
2025-04-04,26.56,0.008995562908577986,0.0195215615565953,0.0144610676415396,27.953804,24.817879,0.013113278559426473,0.00020769443057870043,26.8
2025-04-08,24.7,0.07260308097430157,0.0187513925568584,0.0188825296730512,26.50243,24.823362,0.05331686361784087,0.00022090503427564764,26.56
2025-04-09,23.2,0.06265096496166726,0.0248065003311482,0.0197506493978628,25.934048,24.820131,0.0216797269242262,0.0001301681170808283,24.7
2025-04-10,24.81,0.06709451903144538,0.0278457906273542,0.0153422002340433,26.192783,24.644264,0.009927214829113518,0.007110882122534279,23.2
2025-04-11,26.35,0.060221477283661735,0.0306999690641841,0.0166917154002206,26.049065,24.592987,0.0055020397654276035,0.0020828546475043846,24.81
2025-04-14,26.28,0.0026600813709615964,0.0323013996575352,0.0173048110010227,29.227703,24.692081,0.11513511734753117,0.004021263946872808,26.35
2025-04-15,25.91,0.014179199042391228,0.0306098235389142,0.0170659016802556,28.970524,24.74244,0.008838093093773891,0.002037402867524801,26.28
2025-04-16,25.53,0.014774763320626102,0.0292154223124753,0.0182340243547048,26.285152,24.757435,0.09727468227405887,0.0006058601343411394,25.91
2025-04-17,25.56,0.0011743982559414398,0.0279327602423927,0.0182948579455862,26.27932,24.748558,0.00022189892914487814,0.0003586232517400962,25.53
2025-04-18,25.7,0.0054623623918400276,0.0264972358937335,0.0156199554094831,27.216125,24.747976,0.03502731043811365,2.351679816706645e-05,25.56
2025-04-21,25.56,0.00546236239184004,0.0251764754459968,0.0142474034075353,26.322422,24.753162,0.033388505029481846,0.00020953053721605968,25.7
2025-04-22,25.46,0.0039200363800735395,0.0239517662595508,0.0138653603257248,24.185734,24.749187,0.08465816829548331,0.00016059843982530982,25.56
2025-04-23,25.6,0.0054837583562562875,0.022786455943213,0.0125319577587929,25.808903,24.741135,0.06495655471686695,0.0003253969562391039,25.46
2025-04-24,25.66,0.002341007701973445,0.0217027511882183,0.0123207293437126,26.342579,24.739628,0.020467093521710323,6.0912561128726555e-05,25.6
2025-04-25,25.49,0.0066471407994663475,0.0206613861617444,0.0122459741841982,26.12307,24.747053,0.00836777148515594,0.0003000807451895675,25.66
2025-04-28,25.29,0.00787715770615025,0.0197545741090015,0.0120465102361303,25.907799,24.74437,0.008274788888775817,0.00010842282722930613,25.49
2025-04-29,25.53,0.009445170571518648,0.0189383413606794,0.010386711172095,25.285355,24.729385,0.024318668691158212,0.0006057757474945913,25.29
2025-05-05,25.63,0.003909309122587205,0.0181953561176994,0.0100496441862945,25.376144,24.695782,0.0035841457115339892,0.0013597528229883,25.53
2025-05-06,25.8,0.0066109515515921525,0.0173991391859049,0.0088445371804824,25.494877,24.699005,0.004668009930541516,0.0001304996012868256,25.63
2025-05-07,25.7,0.003883500026397633,0.0167006102175781,0.0092383258622987,25.695408,24.703653,0.007834768873634108,0.00018816801370134402,25.8
2025-05-08,25.77,0.0027200327630995708,0.0160219624483089,0.0083672307058198,25.269043,24.719099,0.01673224920402199,0.0006250562697476936,25.7
2025-05-09,25.7,0.0027200327630996267,0.0153667162070245,0.0086954701859645,25.336502,24.718803,0.0026660730541644027,1.1974618178616294e-05,25.77
2025-05-12,25.97,0.010451033773482925,0.0147690028750292,0.0083207443084924,25.844517,24.72663,0.01985234739520243,0.0003165914257590323,25.7
2025-05-13,27.04,0.04037522550010621,0.0143864401021694,0.0121315130626697,26.252712,24.737404,0.015670827847720756,0.0004356296605484481,25.97
2025-05-14,27.18,0.00516415754823431,0.0167126473715204,0.012752965420894,26.953266,24.760294,0.026335179409659036,0.0009248915629052719,27.04
2025-05-15,27.28,0.00367242425226379,0.0160373693683703,0.013172958273978,27.69395,24.783615,0.027109500389216733,0.0009414276020258128,27.18
2025-05-16,26.76,0.019245597715233632,0.0153902178564348,0.0097901144278987,27.47931,24.78683,0.007780619917067176,0.0001297143894716239,27.28
2025-05-19,26.83,0.002612429177504985,0.0154829296689419,0.0111573434295825,27.408936,24.795208,0.0025642662569975326,0.0003379449662693135,26.76
2025-05-20,27.11,0.010381999073041494,0.0148656484396344,0.0119535207020527,26.864697,24.79544,0.020056046109722985,9.356602882100001e-06,26.83
2025-05-21,27.07,0.0014765598843642746,0.0144722008636317,0.0122240696307905,26.843819,24.789148,0.0007774558899233569,0.00025378853742902415,27.11
2025-05-22,26.66,0.015261788875647263,0.0139282909924,0.0099455361789294,26.079548,24.798513,0.02888418399203864,0.0003777149364370668,27.07
2025-05-23,26.63,0.0011259149247217393,0.0139191813010408,0.0105857487244639,26.335884,24.793015,0.009781014247785004,0.00022173142245279282,26.66
2025-05-26,26.94,0.01157377115637711,0.0134143773972768,0.0110050896809523,26.681423,24.798885,0.01303513558949687,0.00023673220938949914,26.63
2025-05-27,27.18,0.00886923774077957,0.0132012916100902,0.0116061379669301,27.163513,24.798794,0.017907083493446295,3.6695265517094177e-06,26.94
2025-05-28,27.14,0.0014727543162745406,0.012896619282131,0.011326729311783,27.746304,24.792664,0.02122800318213813,0.0002472199962833608,27.18
2025-05-29,26.7,0.016345089000519248,0.0124738154089367,0.008397098542634,27.190247,24.801327,0.02024429930752807,0.00034935684398178663,27.14
2025-05-30,26.28,0.015855371789793963,0.0127081461464701,0.0066290589730944,26.902824,24.796017,0.010627080314988635,0.0002141243700585645,26.7
2025-06-02,26.35,0.0026600813709616667,0.0128784401292373,0.0076326407275216,26.908836,24.813148,0.0002234459975781162,0.0006906385415249399,26.28
2025-06-03,26.46,0.004165883699438271,0.012458713272431,0.0081397774770643,26.745785,24.815334,0.00607781767476174,8.809457445868211e-05,26.35
2025-06-04,26.42,0.0015128595926303177,0.012092671099353,0.0078403136397464,26.627907,24.813385,0.004417089664946246,7.854323223620083e-05,26.46
2025-06-05,26.46,0.0015128595926304088,0.0117351816633996,0.0079488471696754,26.56889,24.809372,0.002218818708671173,0.00016174030833266144,26.42
2025-06-06,26.21,0.009493141351494688,0.0114000214932666,0.005753078253578,26.751713,24.813576,0.0068575262154186405,0.0001694377371557785,26.46
2025-06-09,26.08,0.004972280276862853,0.0113364758047831,0.0062524685461585,26.928436,24.807858,0.006584319967499569,0.00023046492470609888,26.21
2025-06-10,25.97,0.00422671138379513,0.0111071199545828,0.0069366316276389,26.424301,24.808533,0.018898749459225345,2.72087504325445e-05,26.08
2025-06-11,26.08,0.0042267113837950905,0.0108795275368669,0.0056409189521297,25.797192,24.803585,0.024018430388091098,0.0001994673969132191,25.97
2025-06-12,26.42,0.012952562035727146,0.0106506984559837,0.007334160338987,25.712704,24.797966,0.003280459963170571,0.00022656549687488132,26.08
2025-06-13,27.38,0.0356915207661235,0.0108091424108755,0.0113331404270307,26.51503,24.805225,0.03072655319159005,0.0002926827853401748,26.42
2025-06-16,27.66,0.010174506376309407,0.0134032387640881,0.0131937953503876,27.625538,24.808157,0.041028892737911396,0.00011819391806088762,27.38
2025-06-17,27.69,0.0010840109462583103,0.0131303638789615,0.0131596770442341,27.656658,24.816349,0.0011258598803567455,0.00033015946090875214,27.66
2025-06-18,27.55,0.005068801583946983,0.0126813419572924,0.0118657487891362,27.422638,24.816828,0.00849761798713368,1.930160545707574e-05,27.69
2025-06-19,27.93,0.013698844358161927,0.0123365760000176,0.0136639001290731,27.037842,24.813824,0.014131436356972145,0.00012105422284873083,27.55
2025-06-20,28.34,0.01457285430544907,0.0123452135057796,0.0147557405684029,27.586353,24.819645,0.02008375361977581,0.00023455946739050297,27.93
2025-06-23,28.38,0.0014104374693621117,0.0124060159755587,0.0158764855212779,27.881351,24.817785,0.010636848476613003,7.494344493144405e-05,28.34
2025-06-24,28.51,0.004570231192684113,0.0120154585221172,0.0162603669721366,27.899899,24.821747,0.0006650263550418815,0.00015963083650391595,28.38
2025-06-25,28.62,0.0038508712037242133,0.011693785958972,0.0164482592541128,28.538109,24.819324,0.022617283220784757,9.762077864596254e-05,28.51
2025-06-26,28.75,0.004531993115054584,0.0113867805892284,0.0166951093320274,28.89444,24.814552,0.012408837096408857,0.0001922880258115382,28.62
2025-06-27,28.79,0.0013903373807249428,0.0111187207786813,0.01704877210472,29.125,24.81977,0.007947722819588027,0.0002102577333170715,28.75
2025-06-30,28.75,0.001390337380725066,0.0108352065663798,0.0167353962521768,29.084248,24.817795,0.001400190109240672,7.957682859910345e-05,28.79
2025-07-01,28.75,0.0,0.0105836552132208,0.0168460095139095,28.849277,24.828293,0.008111789795117721,0.0004229134894362563,28.75
2025-07-02,28.75,0.0,0.0103456101912245,0.0168095151973121,29.418732,24.822641,0.019546682330937502,0.00022766943415042016,28.75
2025-07-03,29.16,0.01416013989709789,0.0101289207410707,0.0182218106172042,29.511627,24.828304,0.0031527069755207435,0.00022811247699544197,28.75
2025-07-04,29.3,0.004789608882564293,0.0104365751552829,0.0186819675719802,29.418697,24.824457,0.0031538966943982527,0.0001549561365861134,29.16
2025-07-07,30.47,0.03915507697459605,0.010260503766689,0.0212731599909253,29.57917,24.83009,0.005439972795750844,0.00022688758087611115,29.3
2025-07-08,30.47,0.0,0.0135450142750067,0.0215414599507995,30.185017,24.82877,0.020275278052553435,5.3162718608990486e-05,30.47
2025-07-09,30.88,0.013366132158957775,0.0130637597967031,0.022635705692311,30.393372,24.822964,0.006878882883324027,0.00023386897329560668,30.47
2025-07-10,30.88,0.0,0.0129759078336041,0.0219126670624999,30.371895,24.827976,0.0007068841117512912,0.00020188943117780875,30.88
2025-07-11,30.61,0.008781972199254315,0.012538786022183,0.0196623155248248,30.095821,24.824324,0.009131349306692562,0.00014710295420694672,30.88
2025-07-14,30.4,0.006884144545145208,0.0123302343276974,0.0175944433687514,30.436298,24.82967,0.01124958439652415,0.00021533011103430871,30.61
2025-07-15,30.3,0.003294895896852538,0.0120693621888626,0.0177788473267728,30.339916,24.828556,0.0031717040090016657,4.4866685337771736e-05,30.4
2025-07-16,30.85,0.017989037836073304,0.0117381866949457,0.0195696664520158,30.525085,24.822788,0.006084599301403243,0.00023234013669189808,30.3
2025-07-17,30.88,0.0009719748051784788,0.0121177436256911,0.0193026096108774,31.200092,24.827805,0.021872238933362008,0.00020209224961636294,30.85
2025-07-18,30.92,0.0012944985626457955,0.0117491499615356,0.0194921845955797,31.792076,24.824326,0.018796032816066108,0.00014013497248266773,30.88
2025-07-21,31.02,0.003228934029171373,0.0114118768646289,0.0193492013904123,31.226776,24.829617,0.01794114444892479,0.00021311499954892356,30.92
2025-07-22,31.29,0.008666399932397923,0.0111197964382392,0.0199951689881083,31.487476,24.828426,0.008313947575033898,4.796806028888943e-05,31.02
2025-07-23,31.33,0.0012775472833096134,0.0110025638127203,0.0194924019123833,31.749023,24.822704,0.0082720737404874,0.00023048820944582938,31.29
2025-07-24,31.36,0.0009570905181067318,0.0107286146335469,0.0200414080762344,31.507374,24.827688,0.007640339538032595,0.00020076377309320682,31.33
2025-07-25,31.29,0.002234637801416377,0.0104775986900351,0.0189155216034868,31.53661,24.824387,0.0009274795227339288,0.00013296523880867195,31.36
2025-07-28,31.29,0.0,0.0102685220803492,0.0187038501394267,31.56488,24.829517,0.0008960169368860097,0.00020663027899075448,31.29
2025-07-29,30.06,0.04010317335596238,0.0100588231142708,0.0067327249928951,31.900745,24.828266,0.010584253616780472,5.038485106207902e-05,31.29
2025-07-30,31.7,0.053121296558406604,0.0137250864019868,0.017069236532952,30.926529,24.822498,0.0310150044948734,0.00023234285079475923,30.06
2025-07-31,31.5,0.006329135051647512,0.0181057564235206,0.0151229006579456,30.804718,24.827465,0.003946499188620637,0.0002000807137185656,31.7
2025-08-01,30.4,0.03554493741941147,0.0173715566550755,0.0111607099336911,31.651745,24.809525,0.027125421284973337,0.000722848052678136,31.5
2025-08-04,31.33,0.030133496551924373,0.018647292764467,0.0160980787642745,29.460312,24.810448,0.07174927974177872,3.720276107801579e-05,30.4
2025-08-05,31.91,0.01834333532605193,0.0191146211057849,0.0155682505404383,29.4072,24.810873,0.0018044592885589922,1.7129733406759292e-05,31.33
2025-08-06,32.6,0.0213928480825099,0.0187135224692312,0.017086033821586,31.099987,24.807575,0.05596785885746071,0.00013293442813271632,31.91
2025-08-07,32.84,0.007334996211565471,0.018525722515587,0.0177921475421919,32.07579,24.809364,0.030894138793689175,7.211246952477144e-05,32.6
2025-08-08,32.73,0.0033551960711385256,0.0177614295052112,0.0166788404508925,31.324123,24.808636,0.02371303638980699,2.934418961067257e-05,32.84
2025-08-11,32.6,0.003979800140427063,0.0170005310226513,0.0151791290246974,30.92752,24.809235,0.012742101154239646,2.4144526476446546e-05,32.73
2025-08-12,32.94,0.010375436376832246,0.0163018838008697,0.0164195356871809,33.266724,24.809784,0.07291121566640445,2.2128611612387603e-05,32.6
2025-08-13,34.04,0.032848578955679206,0.0157892413134699,0.0182720257206995,32.072323,24.806324,0.03656417171517732,0.00013947083497999215,32.94
2025-08-14,34.45,0.011972693754494303,0.0169413718840689,0.018909204315366,31.911911,24.808025,0.005014120699852335,6.856887311646632e-05,34.04
2025-08-15,33.63,0.024090471707489354,0.0164350946182705,0.0151597245496444,33.49124,24.807457,0.048304586418884674,2.2896079091892587e-05,34.45
2025-08-18,33.28,0.010461909799170471,0.0167687553550045,0.0150802831940421,32.788303,24.80803,0.021212076164688017,2.3097626756060174e-05,33.63
2025-08-19,34.04,0.022579687752165407,0.0162575805894175,0.0167165912800208,32.4078,24.808708,0.011672701368262017,2.7329487079275495e-05,33.28
2025-08-20,34.72,0.019779586086976032,0.0164174733183521,0.0173498077643773,33.66182,24.805218,0.03796512284819527,0.0001406863067339342,34.04
2025-08-21,35.55,0.02362426645710045,0.0163644617373526,0.0190864138119997,34.17102,24.806992,0.015013659014126629,7.151465337893138e-05,34.72
2025-08-22,34.93,0.017594097430509163,0.0165904763066265,0.0155988191950885,33.721615,24.806694,0.013238890016517273,1.2012814367528237e-05,35.55
2025-08-25,33.69,0.03614500140027912,0.0164454741797308,0.012493773559269,33.371227,24.807373,0.010444964770636911,2.7371269524861213e-05,34.93
2025-08-26,35.14,0.042139025340489696,0.0179510653889233,0.0174268771700347,33.77133,24.808144,0.011918156049853938,3.107898684458349e-05,33.69
2025-08-27,35.07,0.0019940186068643953,0.0197458042474462,0.0158704999729961,34.26197,24.804474,0.01442377501161186,0.00014794623443149931,35.14
2025-08-28,35.41,0.009648201971725568,0.0188366566235288,0.0182452889413404,34.04802,24.80637,0.006264111577234361,7.643490205182555e-05,35.07
2025-08-29,35.2,0.005948183519760761,0.0181067130507896,0.0165702339473576,34.208176,24.80592,0.004692798699700337,1.814066635559368e-05,35.41
2025-09-03,34.72,0.013730192811902131,0.0173644029525335,0.0148591838994765,36.198433,24.774004,0.056551150777263845,0.0012874567701441572,35.2
2025-09-04,35.0,0.008032171697264253,0.0169398901745182,0.0149243159275567,35.036438,24.782742,0.03262722495218203,0.0003526462407581297,34.72
2025-09-05,34.52,0.013809195274186448,0.0163075550437889,0.0133403252743187,33.85303,24.779789,0.03436009774213825,0.00011916259900015015,35.0
2025-09-08,33.97,0.01606108404273475,0.0159810686285928,0.0121833545768547,35.334805,24.785357,0.04283994761231168,0.00022467400876504927,34.52
2025-09-09,34.04,0.00205852153268093,0.01580647756012,0.013183057900998,34.557243,24.787476,0.022251289071817094,8.54903733782414e-05,33.97
2025-09-10,34.66,0.01804998058228654,0.0151621479770334,0.0138825575614097,34.659073,24.773802,0.0029423719536457527,0.0005518017653605557,34.04
2025-09-11,34.72,0.0017296055046895737,0.0151320373468395,0.0133644992613435,34.707428,24.7827,0.001394189043283538,0.00035910525305522475,34.66
2025-09-12,34.59,0.0037512668430719647,0.0145347426290323,0.012864820461067,35.106945,24.779503,0.011445246702243509,0.00012900960049874003,34.72
2025-09-15,35.41,0.023429643174734744,0.014014127222296,0.0142906531983748,34.558792,24.784826,0.01573698452607659,0.00021479156998031507,34.59
2025-09-16,36.03,0.01735765863618968,0.0145315883987662,0.0142936028531961,34.399483,24.786655,0.004620454424608584,7.379242919246648e-05,35.41
2025-09-17,35.27,0.021319180512041198,0.0145255145414561,0.0118590019187803,36.024982,24.772663,0.04617110703579467,0.0005646566957100311,36.03
2025-09-18,35.14,0.003692661489009554,0.0148809603185579,0.0129443133001563,35.55037,24.781218,0.013262078161123228,0.00034528072927288194,35.27
2025-09-19,35.14,0.0,0.0143330939817341,0.012549380649189,33.74086,24.778063,0.05224099824454899,0.00012732226701434718,35.14
2025-09-22,33.83,0.037992099966334056,0.0137922612383139,0.0077825327745156,34.582012,24.78323,0.02462409665709753,0.00020850949222493923,35.14
2025-09-23,34.31,0.014088874077741443,0.0160766372907503,0.0128950281891754,34.86502,24.785263,0.00815037183012948,8.202791241364933e-05,33.83
2025-09-24,34.66,0.010149427417101401,0.0157357133197626,0.0127575228841988,33.96584,24.771547,0.026128720635459856,0.0005535465398289303,34.31
2025-09-25,34.52,0.004047418072232603,0.0152611919680909,0.0116766861469705,33.953148,24.780437,0.000373739377498904,0.0003588151019494661,34.66
2025-09-26,34.79,0.007791122948623328,0.0146906436386575,0.0119078799053062,35.375935,24.777145,0.04105021240847461,0.0001328555539630732,34.52
2025-09-29,35.0,0.006018072325562945,0.0142261755457056,0.0122079271080492,35.25781,24.782158,0.003344721708402023,0.00020230308796281857,34.79
2025-09-30,34.86,0.004008021397538822,0.0137539481625747,0.010527219026864,34.791718,24.784153,0.01330769505018749,8.049822392788441e-05,35.0
2025-10-01,35.34,0.01367542679967549,0.0132985239917158,0.0123817768492849,35.708164,24.806767,0.02599997616397965,0.0009120218607558088,34.86
2025-10-02,35.34,0.0,0.0132034034419201,0.0119149047762936,35.15877,24.810951,0.015505256844997496,0.00016864943324943559,35.34
2025-10-03,34.86,0.013675426799675608,0.0127485192889241,0.0099241537396118,34.368935,24.805704,0.02272098521353267,0.00021150156210892595,35.34
2025-10-06,35.96,0.031067169511544736,0.0127708714620564,0.0139713481379643,34.709923,24.815899,0.009872507433991503,0.0004109097460416266,34.86
2025-10-07,35.41,0.015412943479607304,0.0142849174565048,0.0113131019680148,34.816227,24.812027,0.0030579597126667592,0.00015604117761672996,35.96
2025-10-08,36.3,0.02482347514699265,0.0142466786887393,0.0146874523158492,35.329403,24.805939,0.014631992204703745,0.00024539498578204016,35.41
2025-10-09,37.74,0.03890279866959919,0.0148544242627909,0.0160186301110138,35.959923,24.810055,0.01768950492531652,0.00016591424166327966,36.3
2025-10-10,37.88,0.003702728377473456,0.0168860312833916,0.0169005735974561,36.237236,24.804834,0.007682140617401686,0.000210461017831598,37.74
2025-10-13,38.43,0.014415136258875012,0.0161787217770179,0.0177541043116856,36.454628,24.814753,0.0059812098943340065,0.00039980180133791885,37.88
2025-10-14,37.6,0.021834354180903723,0.0158442423610889,0.0143798223012914,36.88049,24.810844,0.011614266089399859,0.0001575396668007261,38.43
2025-10-15,37.88,0.007419217922028647,0.0160736758196196,0.0164854538427201,35.931873,24.804657,0.026057956027441473,0.000249397865883444,37.6
2025-10-16,37.18,0.01865228602457957,0.0154913529937301,0.0132835994978123,36.345295,24.808819,0.01144003065670147,0.00016777699711113643,37.88
2025-10-17,36.08,0.03003228709887509,0.0155315276754672,0.0117932613573088,37.353348,24.80413,0.02735778655230093,0.00018902323318700461,37.18
2025-10-20,33.8,0.06527789270544986,0.0165393209338722,0.0087633768773262,35.858593,24.81468,0.04083931462596673,0.00042524196605990273,36.08
2025-10-21,34.52,0.021078063726254294,0.0221290222325518,0.0160334735443897,36.1597,24.810892,0.00836200753960169,0.00015266322803725074,33.8
2025-10-22,34.9,0.01094796299315412,0.0216033820890218,0.0140196560304961,36.73928,24.804806,0.01590124339627188,0.00024532558346848616,34.52
2025-10-23,34.35,0.015884810540023102,0.0207097598196309,0.0131483007991094,37.249767,24.8093,0.013799207346793749,0.00018115815741159356,34.9
2025-10-24,34.42,0.0020357721150350257,0.0201004277846225,0.0127629992414785,37.522953,24.804195,0.007307135959355216,0.00020579078406054334,34.35
2025-10-27,33.59,0.02440938715919198,0.0191621458196305,0.0097554637688828,36.07908,24.814177,0.039239629753835846,0.00040235097333164764,34.42
2025-10-28,33.87,0.008301263205478752,0.0191965943553199,0.010449668225339,35.71491,24.810047,0.01014494732380827,0.0001664509659449785,33.59
2025-10-29,34.32,0.013198607790081343,0.0184060977249357,0.0107775960849645,36.605877,24.8041,0.024640552633064538,0.00023973001202591996,33.87
2025-10-30,34.01,0.009073675600657513,0.0178284242622941,0.009941738589489,35.88079,24.808727,0.02000674650178283,0.0001865243443362087,34.32
2025-10-31,33.87,0.004124932189423808,0.0171866906970427,0.0090905638883475,33.722385,24.803513,0.06204019461563591,0.0002101900667738246,34.01
2025-11-03,33.52,0.010387391215797834,0.0164770103083155,0.00848325249947,34.62345,24.799685,0.026369337992738877,0.00015434488750492285,33.87
2025-11-04,34.52,0.029396590601344804,0.0159869234368158,0.0107446487888273,33.669636,24.800877,0.027934775858809435,4.8063971542503325e-05,33.52
2025-11-05,35.46,0.02686643443083451,0.016761183353902,0.0119613843333157,34.217533,24.797394,0.01614175121787597,0.0001404484444921882,34.52
2025-11-06,35.32,0.003955924910302566,0.0171988621141081,0.0116767966172061,35.124176,24.801466,0.026151494782397422,0.00016419732264604886,35.46
2025-11-07,33.87,0.041919708906079024,0.0164857447819705,0.0088971750885795,33.73421,24.800323,0.04037721231414629,4.608704739277702e-05,35.32
2025-11-10,33.18,0.020582382067381857,0.0186714550138363,0.0094764041790113,33.250954,24.79914,0.014428997570275354,4.770212936468365e-05,33.87
2025-11-11,33.52,0.010194990851584018,0.0185003045973264,0.0100924250087537,32.928055,24.800467,0.009758428458361014,5.350848849729688e-05,33.18
2025-11-12,34.01,0.014512323405221754,0.0178111788941439,0.0114286842650454,33.999443,24.796917,0.03201911216780227,0.00014315271168588138,33.52
2025-11-13,33.76,0.007377929291347671,0.0173378639494648,0.0106806745764437,34.537132,24.800861,0.01569089297868865,0.00015903938310762424,34.01
2025-11-14,33.56,0.005941788128750803,0.0166848998759845,0.0101392658908744,33.677288,24.799564,0.02521137154102723,5.229793899135517e-05,33.76
2025-11-17,33.76,0.0059417881287508224,0.0160457764122134,0.0096487431766537,34.140297,24.798283,0.013654753234524126,5.165546804010525e-05,33.56
2025-11-18,34.14,0.011193047638538345,0.0154329780757615,0.0097830796109565,34.913628,24.799717,0.022398823292936573,5.782491231103454e-05,33.76
2025-11-19,34.11,0.0008791209357402404,0.0150223979098349,0.0094380241421206,35.486275,24.796244,0.016268761912237802,0.0001400517274250082,34.14
2025-11-20,33.94,0.00499633662447414,0.0144338977225912,0.0091640155991923,34.779026,24.80009,0.020131498072732238,0.00015509210853005187,34.11
2025-11-21,33.94,0.0,0.0139450601098535,0.008876723568053,34.108967,24.798742,0.019454192335766278,5.43561187220339e-05,33.94
2025-11-24,33.73,0.0062066107325213764,0.0134333544912004,0.0078782536549331,33.7184,24.797432,0.011516629174818122,5.282665555227721e-05,33.94
2025-11-25,33.28,0.013431033120550865,0.013055682858068,0.0066023181751059,34.41769,24.798908,0.020526993964098968,5.9520521088389505e-05,33.73
2025-11-26,33.8,0.015504186535965036,0.0130297433122635,0.0092209684713451,33.758095,24.79539,0.019350435976636594,0.00014187114840903133,33.28
2025-11-27,33.76,0.0011841327612166937,0.0130717804736929,0.0081411562709996,33.462162,24.799679,0.008804932474247658,0.00017296074376647335,33.8
2025-11-28,33.87,0.003252997101923974,0.0126328263645804,0.0087836209406858,34.155205,24.798553,0.02049968227899462,4.5404844277391116e-05,33.76
2025-12-01,33.45,0.012477880255442716,0.0122392876393828,0.0067381983423767,34.49467,24.7989,0.009889829133175243,1.3992654018185757e-05,33.87
2025-12-02,33.9,0.013363227812166938,0.0122461651043073,0.008892738275003,33.870636,24.803074,0.018256375015711993,0.00016829975395142086,33.45
2025-12-03,35.94,0.05843586696900833,0.0122451015891431,0.0132654901941716,33.927113,24.800299,0.0016660438995875812,0.00011188755260231367,33.9
2025-12-04,35.94,0.0,0.0180559338398038,0.0152031988716623,35.269684,24.79795,0.0388092965198646,9.47210858898047e-05,35.94
2025-12-05,35.6,0.009505243497428095,0.017251184922773,0.0144645003491187,35.465645,24.802155,0.005540696681348413,0.00016955609307968286,35.94
2025-12-08,35.32,0.007896262122225505,0.0166678331672559,0.0130915314163697,34.21306,24.798588,0.03595703891426134,0.00014382849088160653,35.6
2025-12-09,34.63,0.0197290173214286,0.0160798492307287,0.0101954989456029,33.470825,24.803062,0.021933278660479737,0.00018039722517842308,35.32
2025-12-10,34.9,0.007766470794050718,0.0161280619837499,0.0126647396620151,34.78337,24.80038,0.03846523514044591,0.0001081376571655437,34.63
2025-12-11,34.63,0.007766470794050736,0.0155503471273006,0.011934709563578,34.904358,24.79823,0.0034722934735619453,8.669597802624363e-05,34.9
2025-12-12,34.21,0.012202359424817304,0.0150459556895389,0.0106339703940307,33.80239,24.803062,0.032080182424505214,0.0001948336351917965,34.63
2025-12-15,34.35,0.004084019678845157,0.0147571579610937,0.0111303763464257,34.3001,24.79975,0.014616759571232893,0.00013354081639251536,34.21
2025-12-16,35.25,0.025863510589919373,0.0142093305695959,0.0128924278353956,35.267395,24.804081,0.02781061309720983,0.0001746236096565147,34.35
2025-12-17,34.7,0.01572584230546406,0.0149184131548976,0.0100589148744951,34.72387,24.801157,0.015531536002512752,0.0001178907761066631,35.25
2025-12-18,34.35,0.01013766828445523,0.0148323162782668,0.0102953705227346,34.767445,24.798792,0.001254113717987291,9.536300135278056e-05,34.7
2025-12-19,34.45,0.0029069787913093108,0.0144716548769642,0.0102200292510199,34.05289,24.8034,0.020766556254843454,0.00018579824106396587,34.35
2025-12-22,35.15,0.020115620797006295,0.0139314475186084,0.0117460578179346,34.098267,24.800018,0.0013316577062846503,0.00013636157110133448,34.45
2025-12-23,35.0,0.004276556767260194,0.0141890607211368,0.0106901174625068,35.654297,24.804352,0.044623110672453316,0.00017474266928606114,35.15
2025-12-24,35.3,0.008534902449837286,0.0137045833796228,0.0125925208819606,35.956512,24.801373,0.00844053567986176,0.0001201071047175454,35.0
2025-12-25,35.0,0.008534902449837331,0.0133446281131118,0.010007458767441,35.03896,24.799065,0.025849622973556807,9.306369438381451e-05,35.3
2025-12-26,35.2,0.005698021114637796,0.0130521642782352,0.0111923912036854,35.466675,24.80384,0.012132937939389575,0.00019252904702864016,35.0
2025-12-29,35.3,0.0028368813351995355,0.0126674115486334,0.0110908085718684,36.3986,24.800434,0.025936789162756654,0.00013732687652502165,35.2
2025-12-30,35.65,0.009866182921053979,0.0122663229278236,0.0126169900832109,35.411137,24.8047,0.027503937182691843,0.00017199832624257031,35.3
2025-12-31,35.75,0.0028011222797117733,0.012086928723042,0.0123889830702202,34.868053,24.801659,0.015455352015348324,0.00012260524921039824,35.65
2026-01-05,35.5,0.007017572658646535,0.0117327486384717,0.0110278097338252,35.541096,24.791283,0.019118637576319663,0.0004184466471621223,35.75
2026-01-06,36.2,0.019526422350355236,0.0115315302690331,0.0132031324376564,36.406048,24.788136,0.024045253943978242,0.00012694783713481083,35.5
2026-01-07,37.45,0.033947591131503106,0.0120687598912169,0.0154475022913092,36.005547,24.779287,0.01106190476700157,0.00035704902770552284,36.2
2026-01-08,38.2,0.01982880564930103,0.0140962194703798,0.0161605220905312,36.807747,24.78836,0.022035329403959292,0.00036608556792417784,37.45
2026-01-09,40.75,0.06462032407434219,0.0143117308078666,0.0189514914711236,36.746624,24.781094,0.0016619818302684543,0.0002931644174270033,38.2
2026-01-12,41.5,0.018237587549780793,0.0204095197424477,0.0202573166275665,37.456203,24.791754,0.019125972932790954,0.000430074147215008,40.75
2026-01-13,41.3,0.00483092726966558,0.0198888003959293,0.01979021062305,37.31389,24.788427,0.003806687036036709,0.00013420685192721077,41.5
2026-01-14,41.45,0.0036253816143170577,0.0190024528073889,0.0202243629203953,36.986443,24.779474,0.00881420329431397,0.0003612418487261679,41.3
2026-01-15,40.0,0.03560842746736777,0.0181483571348407,0.0152017444853617,35.611942,24.78849,0.03787040905035369,0.00036378335408039284,41.45
2026-01-16,39.6,0.01005033585350145,0.0193014307573783,0.0171749227812522,36.54992,24.780983,0.025997966365299125,0.000302888031809114,40.0
2026-01-19,40.0,0.010050335853501506,0.0185787986990978,0.0190571053811899,37.005856,24.791489,0.01239717298017455,0.00042386428327772596,39.6
2026-01-20,39.65,0.008788506033079348,0.0178794948633507,0.0173657207464909,37.7533,24.787903,0.019996718701837456,0.00014465687704487212,40.0
2026-01-21,40.2,0.013776047544118552,0.0172252514757897,0.0182788170465214,38.787113,24.77891,0.027015163190623064,0.0003628637612297928,39.65
2026-01-22,39.9,0.007490671729157738,0.0167693739759,0.0161348899348408,41.06059,24.78779,0.05696072841979549,0.00035830507558519,40.2
2026-01-23,39.0,0.022814677766171288,0.0161622409204242,0.0131277826994808,39.899895,24.780561,0.02867508838992521,0.00029167805284682394,39.9
2026-01-26,38.2,0.020726130517116855,0.0164285416134479,0.0113224052386378,40.15396,24.791542,0.006347373352716984,0.0004430314436976105,39.0
2026-01-27,38.25,0.0013080446600151673,0.0165072865230177,0.0125393882008009,39.73124,24.788452,0.010583285654623803,0.0001246470503405477,38.2
2026-01-28,38.4,0.003913899321136315,0.0158101029223566,0.0119766910227994,38.531254,24.77958,0.030668075835047545,0.00035797265845626344,38.25
2026-01-29,38.3,0.0026075634070809417,0.0151822620229234,0.011845537022788,39.033672,24.78875,0.012954954066473652,0.0003699943130869999,38.4
2026-01-30,38.75,0.011680859612755808,0.0145967870871806,0.0115572795725652,38.950764,24.781342,0.0021262712276534576,0.00029888990543539516,38.3
2026-02-02,39.35,0.015365219064056359,0.0142793507780199,0.0120299973531761,38.382565,24.82223,0.014695066985688844,0.0016485913256664507,38.75
2026-02-03,39.7,0.008855212829732544,0.0141785627438537,0.012024909634212,39.213398,24.81979,0.021415154085686068,9.830381608017988e-05,39.35
2026-02-04,39.6,0.0025220694327099465,0.0137890427318359,0.0117315326392928,39.520344,24.814734,0.007797103179954147,0.00020372916309172297,39.7
2026-02-05,38.6,0.025576841789649737,0.0133076387339808,0.0083257761038723,38.479202,24.816364,0.026697689758493334,6.568462380517981e-05,39.6
2026-02-06,37.4,0.031581572050299045,0.0142307383041364,0.0083129740988868,37.365475,24.813793,0.029370737803860444,0.00010360636184568376,38.6
2026-02-09,37.1,0.008053734807096716,0.0156341988397126,0.0080964523344296,37.307312,24.822386,0.0015578101233147106,0.0003462393866315642,37.4
2026-02-10,37.1,0.0,0.0151319584965425,0.0079078183318018,37.21535,24.819637,0.0024680290320186595,0.00011075294021805044,37.1
2026-02-11,37.9,0.02133414247499114,0.0145323022081203,0.010301164859882,37.838875,24.814568,0.016615702720206932,0.00020425430477318167,37.1
2026-02-12,38.0,0.0026350476380052534,0.0148080774018596,0.0100475352324316,39.284725,24.816607,0.03749875317826441,8.216609826977686e-05,37.9
2026-02-13,38.6,0.015666116744399456,0.0142404015551528,0.0110928978782964,38.84398,24.813429,0.011282656624066707,0.00012806760826631012,38.0
2026-02-23,38.7,0.0025873235649509544,0.0141612506968943,0.0096498000546238,37.689507,24.821507,0.030171383051124268,0.0003254965442615117,38.6
2026-02-24,38.2,0.013004084423206573,0.0136415339195478,0.0077112527031741,38.018612,24.81839,0.008694102491539188,0.00012558446703045197,38.7
2026-02-25,38.5,0.007822725681208858,0.0135298053656491,0.0094232076102447,37.83512,24.813053,0.004838057484455438,0.00021506527708946502,38.2
2026-02-26,38.5,0.0,0.0131619528303605,0.0090838486041405,38.269306,24.814926,0.011410393156422432,7.54816149530462e-05,38.5
2026-02-27,38.25,0.006514681021193642,0.0127102927400339,0.0082729527059853,38.582012,24.811924,0.008137992527191957,0.00012098289549550251,38.5
